mouse_id,strain,sex,diet,bw,lean,fat,pct_fat,lifespan_days
100_27_11,ILSXISS100/TejJ,f,AL,22.8,15.5,4.11,20.9,924.0
100_27_12,ILSXISS100/TejJ,f,AL,22.3,17.2,4.18,19.5,884.0
100_27_13,ILSXISS100/TejJ,f,AL,22.1,18.4,7.07,27.8,893.0
100_27_8,ILSXISS100/TejJ,f,AL,21.3,16.6,3.83,18.7,928.0
100_27_9,ILSXISS100/TejJ,f,AL,22.5,18.1,4.81,21.0,928.0
100_27_10,ILSXISS100/TejJ,m,AL,27.2,16.0,3.85,19.4,922.0
100_27_14,ILSXISS100/TejJ,m,AL,17.2,12.9,1.9,12.8,895.0
100_27_15,ILSXISS100/TejJ,m,AL,22.8,15.5,4.72,23.3,892.0
100_27_6,ILSXISS100/TejJ,m,AL,26.5,19.4,5.04,20.6,937.0
100_27_7,ILSXISS100/TejJ,m,AL,27.3,19.6,5.7,22.6,877.0
103_27_10,ILSXISS103/TejJ,f,AL,23.8,18.8,4.65,19.9,855.0
103_27_5,ILSXISS103/TejJ,f,AL,28.0,20.0,6.42,24.3,774.0
103_27_6,ILSXISS103/TejJ,f,AL,25.4,18.5,4.45,19.4,980.0
103_27_7,ILSXISS103/TejJ,f,AL,24.9,18.9,4.8,20.2,836.0
103_27_9,ILSXISS103/TejJ,f,AL,22.8,17.6,3.93,18.3,948.0
103_27_1,ILSXISS103/TejJ,m,AL,31.6,22.3,8.01,26.4,823.0
103_27_2,ILSXISS103/TejJ,m,AL,27.3,21.2,5.01,19.1,851.0
103_27_3,ILSXISS103/TejJ,m,AL,27.4,20.7,4.04,16.3,789.0
103_27_4,ILSXISS103/TejJ,m,AL,26.1,22.0,6.71,23.4,1061.0
103_27_8,ILSXISS103/TejJ,m,AL,27.5,21.9,5.95,21.4,812.0
107_29_10,ILSXISS107/TejJ,f,AL,21.4,18.5,3.5,15.9,593.0
107_29_5,ILSXISS107/TejJ,f,AL,21.049999999999997,17.049999999999997,3.225,16.0,446.0
107_29_6,ILSXISS107/TejJ,f,AL,23.6,17.4,4.23,19.5,777.0
107_29_7,ILSXISS107/TejJ,f,AL,20.7,16.7,2.74,14.1,1052.0
107_29_8,ILSXISS107/TejJ,f,AL,19.8,15.4,2.95,16.1,596.0
107_29_1,ILSXISS107/TejJ,m,AL,21.8,17.9,3.42,16.1,1079.0
107_29_2,ILSXISS107/TejJ,m,AL,26.8,21.0,4.97,19.1,1181.0
107_29_3,ILSXISS107/TejJ,m,AL,25.5,18.9,4.85,20.4,1074.0
107_29_4,ILSXISS107/TejJ,m,AL,28.4,21.4,6.24,22.6,748.0
107_29_9,ILSXISS107/TejJ,m,AL,23.7,16.8,5.59,25.0,1147.0
110_26_10,ILSXISS110/TejJ,f,AL,30.6,21.1,9.0,29.9,990.0
110_26_11,ILSXISS110/TejJ,f,AL,25.9,20.3,5.18,20.3,1002.0
110_26_12,ILSXISS110/TejJ,f,AL,24.9,17.8,5.89,24.8,619.0
110_26_13,ILSXISS110/TejJ,f,AL,27.6,19.1,7.8,29.0,625.0
110_26_9,ILSXISS110/TejJ,f,AL,28.5,20.0,7.41,27.1,851.0
110_26_14,ILSXISS110/TejJ,m,AL,27.1,22.0,3.87,15.0,937.0
110_26_5,ILSXISS110/TejJ,m,AL,27.1,22.0,3.8,13.2,484.0
110_26_6,ILSXISS110/TejJ,m,AL,23.6,20.3,2.25,9.99,587.0
110_26_7,ILSXISS110/TejJ,m,AL,27.1,22.0,3.8,13.2,533.0
110_26_8,ILSXISS110/TejJ,m,AL,31.7,25.1,3.8,13.2,645.0
112_29_10,ILSXISS112/TejJ,f,AL,27.9,23.3,2.75,10.6,600.0
112_29_11,ILSXISS112/TejJ,f,AL,24.8,19.5,3.7,15.9,792.0
112_29_12,ILSXISS112/TejJ,f,AL,26.3,20.0,4.37,17.9,827.0
112_29_13,ILSXISS112/TejJ,f,AL,25.55,21.3,3.225,13.25,552.0
112_29_14,ILSXISS112/TejJ,f,AL,24.6,22.6,2.47,9.85,580.0
112_29_6,ILSXISS112/TejJ,m,AL,43.6,25.8,15.7,37.7,610.0
112_29_7,ILSXISS112/TejJ,m,AL,31.2,25.5,4.15,14.0,838.0
112_29_8,ILSXISS112/TejJ,m,AL,37.7,23.1,12.1,34.4,1181.0
112_29_9,ILSXISS112/TejJ,m,AL,34.2,24.8,7.01,22.0,1055.0
114_29_10,ILSXISS114/TejJ,f,AL,26.0,18.6,6.91,27.1,911.0
114_29_4,ILSXISS114/TejJ,f,AL,22.7,17.8,3.97,18.2,1055.0
114_29_5,ILSXISS114/TejJ,f,AL,17.8,13.5,3.42,20.2,1058.0
114_29_6,ILSXISS114/TejJ,f,AL,20.799999999999997,15.9,3.965,21.1,527.0
114_29_7,ILSXISS114/TejJ,f,AL,18.9,14.0,3.96,22.0,875.0
114_29_1,ILSXISS114/TejJ,m,AL,21.8,19.9,4.59,18.8,1042.0
114_29_2,ILSXISS114/TejJ,m,AL,25.3,21.5,5.37,20.0,1044.0
114_29_3,ILSXISS114/TejJ,m,AL,22.7,16.0,4.54,22.1,1013.0
114_29_8,ILSXISS114/TejJ,m,AL,22.7,19.9,4.59,20.0,952.0
114_29_9,ILSXISS114/TejJ,m,AL,22.7,19.9,4.59,20.0,885.0
115_28_1,ILSXISS115/TejJ,f,AL,21.1,16.9,3.12,15.6,556.0
115_28_2,ILSXISS115/TejJ,f,AL,22.5,17.5,3.71,17.5,746.0
115_28_3,ILSXISS115/TejJ,f,AL,21.8,16.7,3.71,18.1,632.0
115_28_4,ILSXISS115/TejJ,f,AL,22.0,15.3,3.86,20.2,924.0
115_28_5,ILSXISS115/TejJ,f,AL,21.3,17.4,3.03,14.9,799.0
115_28_10,ILSXISS115/TejJ,m,AL,25.5,18.2,6.6,26.6,1017.0
115_28_6,ILSXISS115/TejJ,m,AL,26.8,21.7,7.75,26.3,890.0
115_28_7,ILSXISS115/TejJ,m,AL,35.6,22.6,11.9,34.5,789.0
115_28_8,ILSXISS115/TejJ,m,AL,28.3,17.3,7.32,29.7,1088.0
115_28_9,ILSXISS115/TejJ,m,AL,26.9,19.2,6.64,25.7,992.0
117_30_10,ILSXISS117,f,AL,30.9,23.4,6.39,21.5,641.0
117_30_11,ILSXISS117,f,AL,31.9,18.1,7.72,29.9,819.0
117_30_15,ILSXISS117,f,AL,25.2,17.8,5.4,23.3,824.0
117_30_8,ILSXISS117,f,AL,29.45,20.6,5.895,22.4,477.0
117_30_9,ILSXISS117,f,AL,28.0,23.1,4.49,16.3,575.0
117_30_1,ILSXISS117,m,AL,27.4,21.0,5.81,21.6,1092.0
117_30_2,ILSXISS117,m,AL,19.9,15.7,3.15,16.7,755.0
117_30_3,ILSXISS117,m,AL,21.7,17.1,4.54,21.0,893.0
117_30_4,ILSXISS117,m,AL,22.1,17.8,3.42,16.1,761.0
117_30_5,ILSXISS117,m,AL,23.0,17.1,4.96,22.5,1075.0
122_30_10,ILSXISS122/TejJ,f,AL,25.25,18.8,4.73,20.15,450.0
122_30_11,ILSXISS122/TejJ,f,AL,25.1,18.8,4.86,20.5,1010.0
122_30_12,ILSXISS122/TejJ,f,AL,25.4,18.8,4.4,19.0,1074.0
122_30_8,ILSXISS122/TejJ,f,AL,27.6,19.4,6.52,25.1,701.0
122_30_9,ILSXISS122/TejJ,f,AL,24.5,18.6,4.6,19.8,1155.0
122_30_13,ILSXISS122/TejJ,m,AL,29.8,24.8,3.21,11.5,956.0
122_30_14,ILSXISS122/TejJ,m,AL,27.9,23.2,2.63,10.2,767.0
122_30_5,ILSXISS122/TejJ,m,AL,28.3,20.9,2.66,11.3,843.0
122_30_6,ILSXISS122/TejJ,m,AL,28.3,21.9,2.6,10.6,859.0
122_30_7,ILSXISS122/TejJ,m,AL,26.7,22.8,2.93,11.4,959.0
123_30_3,ILSXISS123/TejJ,f,AL,24.4,17.9,3.96,18.1,1012.0
123_30_4,ILSXISS123/TejJ,f,AL,26.8,19.1,4.72,19.8,938.0
123_30_5,ILSXISS123/TejJ,f,AL,24.8,19.4,4.07,17.4,983.0
123_30_6,ILSXISS123/TejJ,f,AL,24.3,19.5,2.54,11.6,962.0
123_30_7,ILSXISS123/TejJ,f,AL,27.8,18.0,6.73,27.2,716.0
123_30_1,ILSXISS123/TejJ,m,AL,30.7,22.7,5.76,20.2,915.0
123_30_10,ILSXISS123/TejJ,m,AL,29.6,22.5,4.34,16.1,1049.0
123_30_2,ILSXISS123/TejJ,m,AL,32.0,23.4,6.78,22.5,1016.0
123_30_8,ILSXISS123/TejJ,m,AL,32.5,24.4,5.62,18.7,858.0
123_30_9,ILSXISS123/TejJ,m,AL,31.35,23.049999999999997,5.6899999999999995,19.45,524.0
13_27_10,ILSXISS13/TejJ,f,AL,21.9,17.1,3.9,18.6,853.0
13_27_11,ILSXISS13/TejJ,f,AL,22.4,17.6,3.9,18.2,936.0
13_27_7,ILSXISS13/TejJ,f,AL,22.5,17.8,4.36,19.7,917.0
13_27_8,ILSXISS13/TejJ,f,AL,19.7,15.8,3.53,18.2,863.0
13_27_9,ILSXISS13/TejJ,f,AL,22.2,17.5,4.86,21.7,826.0
13_27_1,ILSXISS13/TejJ,m,AL,24.3,19.0,3.65,16.1,683.0
13_27_2,ILSXISS13/TejJ,m,AL,26.7,20.8,4.59,18.1,908.0
13_27_3,ILSXISS13/TejJ,m,AL,23.9,18.7,4.74,20.2,684.0
13_27_4,ILSXISS13/TejJ,m,AL,24.5,18.8,4.56,19.6,938.0
13_27_5,ILSXISS13/TejJ,m,AL,26.9,19.8,6.29,24.1,696.0
14_29_1,ILSXISS14/TejJ,m,AL,33.4,22.9,8.96,28.1,659.0
14_29_2,ILSXISS14/TejJ,m,AL,34.2,22.4,11.1,33.0,1032.0
14_29_3,ILSXISS14/TejJ,m,AL,33.8,24.4,8.17,25.1,694.0
14_29_4,ILSXISS14/TejJ,m,AL,32.4,22.7,9.14,28.7,994.0
14_29_5,ILSXISS14/TejJ,m,AL,30.1,21.9,6.99,24.2,946.0
16_28_10,ILSXISS16/TejJ,f,AL,21.3,16.3,3.6,18.1,852.0
16_28_11,ILSXISS16/TejJ,f,AL,23.1,16.8,4.93,22.7,440.0
16_28_12,ILSXISS16/TejJ,f,AL,23.5,17.4,5.39,23.6,904.0
16_28_7,ILSXISS16/TejJ,f,AL,23.1,16.8,4.93,22.7,421.0
16_28_8,ILSXISS16/TejJ,f,AL,23.1,16.8,4.93,22.7,687.0
16_28_1,ILSXISS16/TejJ,m,AL,19.4,15.8,2.08,11.6,607.0
16_28_2,ILSXISS16/TejJ,m,AL,24.3,18.4,5.06,21.6,840.0
16_28_3,ILSXISS16/TejJ,m,AL,29.4,21.6,6.73,23.7,755.0
16_28_4,ILSXISS16/TejJ,m,AL,29.4,20.3,8.11,28.5,817.0
16_28_5,ILSXISS16/TejJ,m,AL,24.3,18.4,5.88,23.7,58.0
16_28_9,ILSXISS16/TejJ,m,AL,24.1,16.5,5.88,26.3,761.0
19_29_1,ILSXISS19/TejJ,f,AL,21.6,16.3,4.03,19.8,868.0
19_29_2,ILSXISS19/TejJ,f,AL,21.7,15.3,5.2,25.4,1004.0
19_29_3,ILSXISS19/TejJ,f,AL,20.6,14.6,4.08,21.9,694.0
19_29_4,ILSXISS19/TejJ,f,AL,22.9,17.0,3.98,18.9,938.0
19_29_5,ILSXISS19/TejJ,f,AL,16.8,13.1,3.31,20.2,956.0
19_26_10,ILSXISS19/TejJ,m,AL,27.8,20.1,6.52,24.5,1046.0
19_29_11,ILSXISS19/TejJ,m,AL,28.9,20.0,6.62,24.9,744.0
19_29_7,ILSXISS19/TejJ,m,AL,25.2,19.4,5.27,21.3,981.0
19_29_8,ILSXISS19/TejJ,m,AL,23.4,18.4,4.42,19.3,904.0
19_29_9,ILSXISS19/TejJ,m,AL,26.8,18.9,6.62,26.0,1006.0
22_31_1,ILSXISS22/TejJ,m,AL,29.0,21.3,6.21,22.6,1168.0
22_31_2,ILSXISS22/TejJ,m,AL,29.0,21.0,7.34,25.9,1219.0
22_31_3,ILSXISS22/TejJ,m,AL,26.1,18.8,6.43,25.5,1097.0
22_31_4,ILSXISS22/TejJ,m,AL,31.5,21.1,8.01,27.5,1210.0
22_31_5,ILSXISS22/TejJ,m,AL,22.7,15.8,4.54,22.3,1067.0
23_28_10,ILSXISS23/TejJ,f,AL,27.0,16.8,9.47,36.0,832.0
23_28_13,ILSXISS23/TejJ,f,AL,26.1,17.6,8.02,31.3,930.0
23_28_18,ILSXISS23/TejJ,f,AL,22.6,17.0,4.61,21.3,947.0
23_28_19,ILSXISS23/TejJ,f,AL,21.2,15.1,5.32,26.1,1098.0
23_28_20,ILSXISS23/TejJ,f,AL,21.8,14.3,6.56,31.5,903.0
23_28_21,ILSXISS23/TejJ,f,AL,24.3,16.8,6.89,29.1,1152.0
23_28_28,ILSXISS23/TejJ,f,AL,22.2,14.2,7.05,33.2,991.0
23_28_29,ILSXISS23/TejJ,f,AL,21.9,15.0,6.1,28.9,1122.0
23_28_30,ILSXISS23/TejJ,f,AL,20.9,14.9,4.46,23.0,1016.0
23_28_31,ILSXISS23/TejJ,f,AL,23.4,17.2,5.59,24.5,1109.0
23_28_32,ILSXISS23/TejJ,f,AL,22.6,15.1,6.74,30.9,1146.0
23_28_4,ILSXISS23/TejJ,f,AL,27.6,23.8,3.76,13.7,607.0
23_28_5,ILSXISS23/TejJ,f,AL,22.5,17.1,4.99,22.5,1042.0
23_28_8,ILSXISS23/TejJ,f,AL,23.4,15.1,6.97,31.6,976.0
23_28_9,ILSXISS23/TejJ,f,AL,24.3,16.2,7.69,32.2,909.0
23_28_1,ILSXISS23/TejJ,m,AL,29.7,21.6,6.6,23.4,45.0
23_28_11,ILSXISS23/TejJ,m,AL,26.9,20.1,5.2,20.5,1109.0
23_28_12,ILSXISS23/TejJ,m,AL,20.5,15.9,4.38,21.6,1063.0
23_28_14,ILSXISS23/TejJ,m,AL,32.5,23.0,8.51,27.0,1098.0
23_28_15,ILSXISS23/TejJ,m,AL,35.6,23.0,11.5,33.3,645.0
23_28_16,ILSXISS23/TejJ,m,AL,29.7,21.6,6.6,23.4,390.0
23_28_17,ILSXISS23/TejJ,m,AL,25.6,19.9,4.41,18.2,949.0
23_28_2,ILSXISS23/TejJ,m,AL,30.1,21.6,7.37,25.4,1190.0
23_28_3,ILSXISS23/TejJ,m,AL,26.1,19.1,6.36,24.9,1149.0
23_28_6,ILSXISS23/TejJ,m,AL,29.7,21.8,6.6,23.2,1210.0
23_28_7,ILSXISS23/TejJ,m,AL,30.0,22.2,6.79,23.4,1013.0
24_27_4,ILSXISS24/TejJ,f,AL,31.5,15.4,14.5,48.5,1214.0
24_27_5,ILSXISS24/TejJ,f,AL,34.1,17.3,16.3,48.5,648.0
24_27_6,ILSXISS24/TejJ,f,AL,25.6,15.4,11.3,42.2,687.0
24_27_7,ILSXISS24/TejJ,f,AL,28.0,15.2,11.0,42.0,1023.0
24_27_8,ILSXISS24/TejJ,f,AL,23.6,12.5,9.56,43.4,1159.0
24_27_1,ILSXISS24/TejJ,m,AL,29.4,22.1,6.26,22.1,940.0
24_27_10,ILSXISS24/TejJ,m,AL,33.2,20.8,10.3,33.1,703.0
24_27_2,ILSXISS24/TejJ,m,AL,35.1,22.5,11.4,33.5,829.0
24_27_3,ILSXISS24/TejJ,m,AL,22.3,17.4,2.4,12.1,554.0
24_27_9,ILSXISS24/TejJ,m,AL,38.2,22.9,14.2,38.2,918.0
25_27_10,ILSXISS25/TejJ,f,AL,28.5,20.0,7.47,27.2,993.0
25_27_3,ILSXISS25/TejJ,f,AL,31.7,19.5,8.68,30.8,949.0
25_27_4,ILSXISS25/TejJ,f,AL,26.0,18.0,6.64,26.9,972.0
25_27_7,ILSXISS25/TejJ,f,AL,31.6,20.4,10.0,32.9,979.0
25_27_9,ILSXISS25/TejJ,f,AL,28.2,19.6,7.78,28.4,1046.0
25_27_1,ILSXISS25/TejJ,m,AL,32.2,23.8,6.22,20.7,899.0
25_27_2,ILSXISS25/TejJ,m,AL,31.9,23.2,8.13,25.9,1019.0
25_27_5,ILSXISS25/TejJ,m,AL,36.9,23.1,7.29,24.0,556.0
25_27_6,ILSXISS25/TejJ,m,AL,32.2,22.9,7.02,23.4,1068.0
25_27_8,ILSXISS25/TejJ,m,AL,32.7,23.6,6.84,22.5,979.0
26_27_10,ILSXISS26/TejJ,f,AL,23.4,17.6,5.9,25.1,1029.0
26_27_11,ILSXISS26/TejJ,f,AL,26.1,18.6,6.57,26.1,1058.0
26_27_12,ILSXISS26/TejJ,f,AL,22.4,16.4,4.1,20.0,1049.0
26_27_8,ILSXISS26/TejJ,f,AL,24.2,19.4,5.48,22.0,1071.0
26_27_9,ILSXISS26/TejJ,f,AL,23.5,15.9,7.3,31.4,959.0
26_27_1,ILSXISS26/TejJ,m,AL,36.6,25.9,9.42,26.7,897.0
26_27_2,ILSXISS26/TejJ,m,AL,37.5,24.1,11.4,32.2,1043.0
26_27_3,ILSXISS26/TejJ,m,AL,33.7,23.8,8.82,27.1,1066.0
26_27_4,ILSXISS26/TejJ,m,AL,34.1,23.1,9.6,29.4,1065.0
26_27_5,ILSXISS26/TejJ,m,AL,40.5,25.0,13.9,35.8,1022.0
28_29_3,ILSXISS28/TejJ,f,AL,25.0,21.1,4.14,16.4,764.0
28_29_4,ILSXISS28/TejJ,f,AL,26.2,19.0,3.2,14.4,657.0
28_29_6,ILSXISS28/TejJ,f,AL,25.2,20.2,3.67,15.4,658.0
28_29_8,ILSXISS28/TejJ,f,AL,21.9,17.4,3.77,17.8,716.0
28_29_9,ILSXISS28/TejJ,f,AL,20.0,15.8,2.7,14.6,824.0
3_28_10,ILSXISS3/TejJ,f,AL,24.0,18.2,4.74,20.6,1045.0
3_28_16,ILSXISS3/TejJ,f,AL,26.8,20.1,5.73,22.2,734.0
3_28_5,ILSXISS3/TejJ,f,AL,24.2,15.3,5.15,25.2,1214.0
3_28_8,ILSXISS3/TejJ,f,AL,25.0,18.0,5.71,24.1,836.0
3_28_9,ILSXISS3/TejJ,f,AL,25.0,17.9,5.13,22.3,1048.0
3_28_1,ILSXISS3/TejJ,m,AL,26.9,21.8,7.18,24.8,700.0
3_28_2,ILSXISS3/TejJ,m,AL,26.9,21.8,5.83,21.0,96.0
3_28_3,ILSXISS3/TejJ,m,AL,26.9,21.8,5.83,21.0,99.0
3_28_4,ILSXISS3/TejJ,m,AL,29.0,21.9,5.83,21.0,803.0
3_28_7,ILSXISS3/TejJ,m,AL,25.9,21.4,4.76,18.2,1064.0
41_29_10,ILSXISS41/TejJ,f,AL,28.6,19.5,8.4,30.1,986.0
41_29_11,ILSXISS41/TejJ,f,AL,25.9,19.3,6.97,26.5,771.0
41_29_15,ILSXISS41/TejJ,f,AL,24.8,17.2,6.82,28.4,843.0
41_29_16,ILSXISS41/TejJ,f,AL,21.4,15.8,3.34,17.4,994.0
41_29_17,ILSXISS41/TejJ,f,AL,26.1,19.0,6.72,26.1,1002.0
41_29_5,ILSXISS41/TejJ,m,AL,31.3,23.2,6.59,22.1,787.0
41_29_6,ILSXISS41/TejJ,m,AL,28.9,21.2,6.22,22.7,849.0
41_29_7,ILSXISS41/TejJ,m,AL,29.9,22.5,6.17,21.5,788.0
41_29_8,ILSXISS41/TejJ,m,AL,28.2,21.8,5.43,19.9,787.0
41_29_9,ILSXISS41/TejJ,m,AL,25.7,20.1,4.34,17.7,749.0
46_26_4,ILSXISS46/TejJ,f,AL,25.4,18.2,7.06,27.9,924.0
46_26_5,ILSXISS46/TejJ,f,AL,24.1,17.0,5.94,25.9,1147.0
46_26_6,ILSXISS46/TejJ,f,AL,28.1,17.6,8.01,31.3,1028.0
46_26_7,ILSXISS46/TejJ,f,AL,31.2,19.0,9.1,32.4,1160.0
46_26_8,ILSXISS46/TejJ,f,AL,22.6,16.9,3.92,18.9,1149.0
48_30_13,ILSXISS48/TejJ,f,AL,27.7,21.7,5.37,19.9,898.0
48_30_14,ILSXISS48/TejJ,f,AL,23.8,19.1,3.56,15.7,598.0
48_30_15,ILSXISS48/TejJ,f,AL,29.4,22.3,5.5,19.8,646.0
48_30_7,ILSXISS48/TejJ,f,AL,27.4,19.8,4.6,18.9,1136.0
48_30_8,ILSXISS48/TejJ,f,AL,25.8,18.6,4.79,20.5,980.0
48_30_1,ILSXISS48/TejJ,m,AL,29.2,23.0,3.17,12.1,580.0
48_30_2,ILSXISS48/TejJ,m,AL,36.1,25.2,8.17,24.4,751.0
48_30_3,ILSXISS48/TejJ,m,AL,32.0,24.0,6.26,20.7,733.0
48_30_4,ILSXISS48/TejJ,m,AL,30.3,22.6,6.54,22.4,961.0
48_30_5,ILSXISS48/TejJ,m,AL,33.6,24.7,7.01,22.1,941.0
49_27_10,ILSXISS49/TejJ,f,AL,22.8,18.2,3.97,17.9,712.0
49_27_3,ILSXISS49/TejJ,f,AL,25.0,21.8,3.62,14.3,629.0
49_27_4,ILSXISS49/TejJ,f,AL,23.0,17.9,5.55,23.6,791.0
49_27_7,ILSXISS49/TejJ,f,AL,24.1,17.9,5.15,22.4,646.0
49_27_8,ILSXISS49/TejJ,f,AL,19.9,16.2,2.71,14.3,771.0
49_27_1,ILSXISS49/TejJ,m,AL,25.3,21.1,2.96,12.3,580.0
49_27_2,ILSXISS49/TejJ,m,AL,32.2,23.3,7.82,25.1,1026.0
49_27_5,ILSXISS49/TejJ,m,AL,30.6,24.2,5.17,17.6,909.0
49_27_9,ILSXISS49/TejJ,m,AL,28.1,22.6,7.52,25.0,875.0
50_29_1,ILSXISS50/TejJ,f,AL,24.6,19.9,3.26,14.1,445.0
50_29_10,ILSXISS50/TejJ,f,AL,24.6,19.9,3.26,14.1,241.0
50_29_5,ILSXISS50/TejJ,f,AL,24.6,19.9,3.26,14.1,778.0
50_29_6,ILSXISS50/TejJ,f,AL,24.6,19.9,3.26,14.1,291.0
50_29_7,ILSXISS50/TejJ,f,AL,24.6,19.9,3.26,14.1,284.0
50_29_2,ILSXISS50/TejJ,m,AL,26.55,22.15,3.65,14.2,340.0
50_29_3,ILSXISS50/TejJ,m,AL,26.55,22.15,3.65,14.2,382.0
50_29_4,ILSXISS50/TejJ,m,AL,26.55,22.15,3.65,14.2,459.0
50_29_8,ILSXISS50/TejJ,m,AL,25.6,21.4,3.59,14.4,667.0
50_29_9,ILSXISS50/TejJ,m,AL,27.5,22.9,3.71,14.0,673.0
51_29_1,ILSXISS51/TejJ,f,AL,29.0,20.3,6.01,22.9,1028.0
51_29_2,ILSXISS51/TejJ,f,AL,28.9,22.2,5.77,20.6,820.0
51_29_3,ILSXISS51/TejJ,f,AL,31.3,21.3,8.88,29.4,785.0
51_29_4,ILSXISS51/TejJ,f,AL,27.9,19.8,6.38,24.4,918.0
51_29_5,ILSXISS51/TejJ,f,AL,28.2,21.3,5.8,21.4,611.0
51_29_10,ILSXISS51/TejJ,m,AL,32.6,23.2,8.5,26.8,1018.0
51_29_11,ILSXISS51/TejJ,m,AL,33.8,21.6,11.0,33.7,925.0
51_29_12,ILSXISS51/TejJ,m,AL,30.0,23.1,6.3,21.4,1107.0
51_29_13,ILSXISS51/TejJ,m,AL,28.1,19.4,7.12,26.9,705.0
51_29_14,ILSXISS51/TejJ,m,AL,35.3,22.5,11.4,33.7,1044.0
52_27_1,ILSXISS52/TejJ,m,AL,26.7,21.0,5.15,19.7,815.0
52_27_2,ILSXISS52/TejJ,m,AL,25.3,18.7,4.41,19.1,713.0
52_27_7,ILSXISS52/TejJ,m,AL,23.0,19.5,3.25,14.3,520.0
52_27_8,ILSXISS52/TejJ,m,AL,26.0,20.25,4.78,19.4,345.0
52_27_9,ILSXISS52/TejJ,m,AL,29.9,22.0,6.68,23.3,776.0
56_26_1,ILSXISS56/TejJ,f,AL,26.1,16.1,7.76,32.5,1014.0
56_26_2,ILSXISS56/TejJ,f,AL,24.1,18.0,5.5,23.4,1227.0
56_26_3,ILSXISS56/TejJ,f,AL,18.3,15.3,2.39,13.5,575.0
56_26_4,ILSXISS56/TejJ,f,AL,27.2,16.6,10.4,38.5,1145.0
56_26_7,ILSXISS56/TejJ,f,AL,26.5,15.2,10.3,40.5,1254.0
56_26_10,ILSXISS56/TejJ,m,AL,37.4,20.9,13.9,40.0,1277.0
56_26_5,ILSXISS56/TejJ,m,AL,36.1,21.4,14.0,39.7,974.0
56_26_6,ILSXISS56/TejJ,m,AL,21.7,16.8,3.29,16.4,1302.0
56_26_8,ILSXISS56/TejJ,m,AL,36.7,20.0,15.0,42.8,685.0
56_26_9,ILSXISS56/TejJ,m,AL,34.6,20.9,11.6,35.7,1279.0
60_29_10,ILSXISS60/TejJ,f,AL,20.5,16.0,3.18,16.6,1073.0
60_29_5,ILSXISS60/TejJ,f,AL,20.5,16.0,3.18,16.6,541.0
60_29_7,ILSXISS60/TejJ,f,AL,20.5,16.0,3.18,16.6,1157.0
60_29_8,ILSXISS60/TejJ,f,AL,20.5,16.0,3.18,16.6,370.0
60_29_9,ILSXISS60/TejJ,f,AL,20.5,16.0,3.18,16.6,1141.0
62_29_1,ILSXISS62/TejJ,m,AL,31.8,18.7,12.0,39.1,979.0
62_29_2,ILSXISS62/TejJ,m,AL,32.5,19.4,11.4,37.0,1055.0
62_29_3,ILSXISS62/TejJ,m,AL,35.5,18.8,14.1,42.8,1132.0
62_29_6,ILSXISS62/TejJ,m,AL,38.7,21.1,15.6,42.5,1106.0
62_29_7,ILSXISS62/TejJ,m,AL,36.5,20.9,13.5,39.2,1036.0
66_28_10,ILSXISS66/TejJ,f,AL,24.1,19.3,2.55,11.7,624.0
66_28_5,ILSXISS66/TejJ,f,AL,25.3,18.8,4.38,18.9,883.0
66_28_6,ILSXISS66/TejJ,f,AL,23.3,17.5,3.38,16.2,877.0
66_28_8,ILSXISS66/TejJ,f,AL,23.0,18.5,3.8,17.1,743.0
66_28_9,ILSXISS66/TejJ,f,AL,23.700000000000003,18.65,3.59,16.65,344.0
66_28_1,ILSXISS66/TejJ,m,AL,32.5,23.8,4.53,16.0,580.0
66_28_2,ILSXISS66/TejJ,m,AL,32.0,22.1,4.4,16.6,685.0
66_28_3,ILSXISS66/TejJ,m,AL,28.7,21.6,4.58,17.5,852.0
66_28_4,ILSXISS66/TejJ,m,AL,32.5,22.8,4.55,16.6,888.0
66_28_7,ILSXISS66/TejJ,m,AL,32.25,22.450000000000003,4.54,16.6,317.0
7_29_14,ILSXISS7/TejJ,f,AL,19.2,14.5,2.85,16.4,1210.0
7_29_15,ILSXISS7/TejJ,f,AL,25.5,17.2,5.96,25.7,1146.0
7_29_5,ILSXISS7/TejJ,f,AL,21.1,15.5,3.13,16.8,892.0
7_29_6,ILSXISS7/TejJ,f,AL,28.7,18.4,8.94,32.6,979.0
7_29_7,ILSXISS7/TejJ,f,AL,23.1,16.4,5.18,24.0,1143.0
7_29_10,ILSXISS7/TejJ,m,AL,27.1,21.1,4.22,16.6,1136.0
7_29_11,ILSXISS7/TejJ,m,AL,27.7,22.1,2.67,10.8,982.0
7_29_12,ILSXISS7/TejJ,m,AL,38.7,22.4,14.5,39.3,1017.0
7_29_8,ILSXISS7/TejJ,m,AL,34.2,22.4,10.3,31.6,1053.0
7_29_9,ILSXISS7/TejJ,m,AL,28.8,19.4,6.54,25.2,1048.0
79_26_1,ILSXISS79,m,AL,20.2,15.8,3.67,18.9,1069.0
79_26_2,ILSXISS79,m,AL,21.6,16.5,3.55,17.7,1094.0
79_26_3,ILSXISS79,m,AL,14.7,11.5,1.79,13.5,1216.0
79_26_4,ILSXISS79,m,AL,20.9,16.15,3.61,18.299999999999997,438.0
79_26_5,ILSXISS79,m,AL,26.5,20.5,4.87,19.2,1150.0
80_27_17,ILSXISS80/TejJ,f,AL,30.4,20.1,8.73,30.3,887.0
80_27_18,ILSXISS80/TejJ,f,AL,28.8,20.1,7.81,28.0,887.0
80_27_19,ILSXISS80/TejJ,f,AL,28.9,20.8,7.18,25.7,1002.0
80_27_21,ILSXISS80/TejJ,f,AL,35.4,20.6,12.5,37.8,959.0
80_27_22,ILSXISS80/TejJ,f,AL,26.5,18.5,7.9,29.9,823.0
80_27_14,ILSXISS80/TejJ,m,AL,31.8,24.0,7.13,22.9,803.0
80_27_15,ILSXISS80/TejJ,m,AL,31.4,23.450000000000003,7.609999999999999,24.35,446.0
80_27_16,ILSXISS80/TejJ,m,AL,35.4,23.6,10.6,30.9,772.0
80_27_20,ILSXISS80/TejJ,m,AL,31.0,23.3,8.09,25.8,859.0
80_27_24,ILSXISS80/TejJ,m,AL,30.0,22.8,6.38,21.9,929.0
84_28_10,ILSXISS84/TejJ,f,AL,16.8,13.4,2.6,16.3,955.0
84_28_5,ILSXISS84/TejJ,f,AL,22.5,18.1,4.1,18.4,863.0
84_28_6,ILSXISS84/TejJ,f,AL,18.5,15.6,2.87,15.5,810.0
84_28_7,ILSXISS84/TejJ,f,AL,18.5,14.7,3.71,20.2,767.0
84_28_8,ILSXISS84/TejJ,f,AL,22.3,13.9,7.37,34.6,771.0
84_28_1,ILSXISS84/TejJ,m,AL,22.1,17.1,4.43,20.5,937.0
84_28_2,ILSXISS84/TejJ,m,AL,23.7,20.1,4.7,18.9,900.0
84_28_3,ILSXISS84/TejJ,m,AL,25.4,20.3,5.45,21.2,972.0
84_28_4,ILSXISS84/TejJ,m,AL,25.0,20.8,4.69,18.4,669.0
84_28_9,ILSXISS84/TejJ,m,AL,24.2,17.8,4.61,20.5,842.0
86_29_4,ILSXISS86/TejJ,f,AL,25.3,19.9,5.15,20.6,855.0
86_29_5,ILSXISS86/TejJ,f,AL,21.8,17.0,4.48,20.8,984.0
86_29_6,ILSXISS86/TejJ,f,AL,20.8,18.1,4.26,19.1,1155.0
86_29_7,ILSXISS86/TejJ,f,AL,23.4,17.7,5.19,22.7,868.0
86_29_1,ILSXISS86/TejJ,m,AL,28.5,21.7,5.6,20.5,1137.0
86_29_10,ILSXISS86/TejJ,m,AL,28.9,20.5,5.4,20.8,931.0
86_29_11,ILSXISS86/TejJ,m,AL,27.3,22.0,4.07,15.6,827.0
86_29_2,ILSXISS86/TejJ,m,AL,26.4,20.7,4.97,19.4,1111.0
86_29_9,ILSXISS86/TejJ,m,AL,29.1,20.6,6.21,23.1,1144.0
89_29_10,ILSXISS89/TejJ,f,AL,29.9,23.7,3.37,12.4,604.0
89_29_6,ILSXISS89/TejJ,f,AL,23.75,18.65,3.615,16.25,469.0
89_29_7,ILSXISS89/TejJ,f,AL,24.1,18.5,4.02,17.8,902.0
89_29_8,ILSXISS89/TejJ,f,AL,23.4,18.8,3.86,17.1,889.0
89_29_9,ILSXISS89/TejJ,f,AL,20.3,15.6,2.84,15.4,903.0
89_29_1,ILSXISS89/TejJ,m,AL,25.2,20.9,4.29,17.0,992.0
89_29_2,ILSXISS89/TejJ,m,AL,23.7,19.6,3.56,15.4,1061.0
89_29_3,ILSXISS89/TejJ,m,AL,29.7,22.1,6.22,22.0,951.0
89_29_4,ILSXISS89/TejJ,m,AL,26.0,21.6,3.98,15.5,579.0
89_29_5,ILSXISS89/TejJ,m,AL,25.6,21.25,4.135,16.25,515.0
90_29_5,ILSXISS90/TejJ,f,AL,25.1,20.1,5.13,20.3,871.0
90_29_6,ILSXISS90/TejJ,f,AL,23.3,19.3,5.26,21.4,975.0
90_29_7,ILSXISS90/TejJ,f,AL,26.6,20.0,5.67,22.1,895.0
90_29_8,ILSXISS90/TejJ,f,AL,31.0,22.6,8.87,28.2,966.0
90_29_9,ILSXISS90/TejJ,f,AL,32.1,22.7,10.4,31.4,906.0
90_29_1,ILSXISS90/TejJ,m,AL,28.3,23.6,4.12,14.8,804.0
90_29_10,ILSXISS90/TejJ,m,AL,32.2,27.1,4.05,13.0,607.0
90_29_2,ILSXISS90/TejJ,m,AL,31.7,26.5,5.27,16.6,875.0
90_29_3,ILSXISS90/TejJ,m,AL,30.2,24.4,5.31,17.9,911.0
90_29_4,ILSXISS90/TejJ,m,AL,32.9,26.2,6.99,21.1,829.0
92_26_10,ILSXISS92/TejJ,f,AL,22.9,17.7,4.65,20.8,552.0
92_26_3,ILSXISS92/TejJ,f,AL,25.3,19.0,7.49,28.2,770.0
92_26_4,ILSXISS92/TejJ,f,AL,25.3,20.2,5.61,21.7,798.0
92_26_5,ILSXISS92/TejJ,f,AL,28.2,20.0,6.84,25.5,991.0
92_26_9,ILSXISS92/TejJ,f,AL,26.2,17.4,8.37,32.5,1060.0
92_26_1,ILSXISS92/TejJ,m,AL,36.7,24.9,11.6,31.8,813.0
92_26_2,ILSXISS92/TejJ,m,AL,33.7,25.2,8.87,26.1,952.0
92_26_6,ILSXISS92/TejJ,m,AL,29.0,22.0,7.4,25.2,994.0
92_26_7,ILSXISS92/TejJ,m,AL,31.0,23.4,6.91,22.8,1170.0
92_26_8,ILSXISS92/TejJ,m,AL,30.9,23.1,7.65,24.9,1100.0
94_29_10,ILSXISS94/TejJ,f,AL,19.9,17.1,2.24,11.6,598.0
94_29_11,ILSXISS94/TejJ,f,AL,21.0,19.5,3.91,16.7,699.0
94_29_12,ILSXISS94/TejJ,f,AL,22.1,19.6,3.59,15.5,596.0
94_29_13,ILSXISS94/TejJ,f,AL,25.8,21.0,5.12,19.6,863.0
94_29_9,ILSXISS94/TejJ,f,AL,20.9,17.2,2.24,11.6,735.0
94_29_1,ILSXISS94/TejJ,m,AL,21.9,16.7,3.32,16.6,718.0
94_29_2,ILSXISS94/TejJ,m,AL,23.5,17.9,5.35,23.0,1094.0
94_29_3,ILSXISS94/TejJ,m,AL,21.4,15.9,3.11,16.4,986.0
94_29_4,ILSXISS94/TejJ,m,AL,23.1,16.6,4.82,22.6,712.0
94_29_5,ILSXISS94/TejJ,m,AL,13.6,11.4,1.53,11.9,700.0
97_27_4,ILSXISS97/TejJ,f,AL,21.7,16.4,4.48,21.4,990.0
97_27_5,ILSXISS97/TejJ,f,AL,19.6,17.1,2.83,14.2,557.0
97_27_6,ILSXISS97/TejJ,f,AL,19.9,15.1,3.58,19.1,1000.0
97_27_7,ILSXISS97/TejJ,f,AL,19.7,16.1,3.5,17.9,999.0
97_27_8,ILSXISS97/TejJ,f,AL,23.5,16.1,6.03,27.2,1057.0
97_27_1,ILSXISS97/TejJ,m,AL,28.0,20.9,7.02,25.1,983.0
97_27_10,ILSXISS97/TejJ,m,AL,27.0,18.8,6.6,26.0,991.0
97_27_2,ILSXISS97/TejJ,m,AL,27.1,19.1,6.88,26.5,996.0
97_27_3,ILSXISS97/TejJ,m,AL,28.8,19.9,8.22,29.3,997.0
97_27_9,ILSXISS97/TejJ,m,AL,27.4,19.5,6.89,26.1,911.0
98_27_12,ILSXISS98/TejJ,f,AL,23.5,17.5,4.76,21.4,1021.0
98_27_13,ILSXISS98/TejJ,f,AL,24.9,16.9,7.53,30.9,1285.0
98_27_14,ILSXISS98/TejJ,f,AL,24.6,17.2,5.48,24.2,1337.0
98_27_8,ILSXISS98/TejJ,f,AL,28.4,18.6,8.37,31.1,1147.0
98_27_9,ILSXISS98/TejJ,f,AL,24.3,17.1,7.77,31.2,1249.0
98_27_10,ILSXISS98/TejJ,m,AL,30.7,19.4,9.29,32.4,1187.0
98_27_11,ILSXISS98/TejJ,m,AL,26.9,18.8,7.8,29.4,1209.0
98_27_5,ILSXISS98/TejJ,m,AL,29.9,19.4,9.33,32.4,1092.0
98_27_6,ILSXISS98/TejJ,m,AL,29.5,20.0,8.46,29.7,843.0
98_27_7,ILSXISS98/TejJ,m,AL,29.2,20.2,8.52,29.7,1309.0
99_27_10,ILSXISS99/TejJ,f,AL,25.1,19.9,4.47,18.3,640.0
99_27_3,ILSXISS99/TejJ,f,AL,27.6,15.3,12.0,43.9,887.0
99_27_4,ILSXISS99/TejJ,f,AL,27.2,16.8,9.76,36.7,1010.0
99_27_8,ILSXISS99/TejJ,f,AL,25.2,17.5,6.35,26.7,548.0
99_27_9,ILSXISS99/TejJ,f,AL,26.9,19.4,8.59,30.7,954.0
99_27_1,ILSXISS99/TejJ,m,AL,33.8,23.4,9.8,29.5,786.0
99_27_2,ILSXISS99/TejJ,m,AL,29.3,23.2,5.26,18.5,1001.0
99_27_5,ILSXISS99/TejJ,m,AL,34.0,23.9,9.36,28.1,930.0
99_27_6,ILSXISS99/TejJ,m,AL,30.0,22.4,7.81,25.8,907.0
99_27_7,ILSXISS99/TejJ,m,AL,32.5,23.8,8.34,26.0,1046.0
100_27_18,ILSXISS100/TejJ,f,DR,16.8,13.3,2.57,16.2,1013.0
100_27_19,ILSXISS100/TejJ,f,DR,16.8,13.3,2.57,16.2,967.0
100_27_20,ILSXISS100/TejJ,f,DR,16.8,13.3,2.57,16.2,974.0
100_27_16,ILSXISS100/TejJ,m,DR,14.4,12.6,1.62,11.4,638.0
100_27_17,ILSXISS100/TejJ,m,DR,20.9,14.8,2.38,13.8,894.0
100_27_21,ILSXISS100/TejJ,m,DR,17.65,13.7,2.0,12.600000000000001,848.0
103_27_12,ILSXISS103/TejJ,f,DR,22.4,15.3,3.34,18.0,1093.0
103_27_16,ILSXISS103/TejJ,f,DR,21.9,14.0,4.11,22.7,1122.0
103_27_11,ILSXISS103/TejJ,m,DR,28.5,19.6,6.87,25.9,890.0
103_27_13,ILSXISS103/TejJ,m,DR,28.1,19.0,6.9,26.7,1028.0
103_27_14,ILSXISS103/TejJ,m,DR,29.1,19.5,6.88,26.0,926.0
103_27_15,ILSXISS103/TejJ,m,DR,27.0,18.7,5.95,24.1,1115.0
103_27_18,ILSXISS103/TejJ,m,DR,25.9,18.2,5.07,21.8,1130.0
107_29_11,ILSXISS107/TejJ,f,DR,18.2,13.9,3.89,21.8,680.0
107_29_12,ILSXISS107/TejJ,f,DR,16.7,13.0,2.19,14.4,674.0
107_29_13,ILSXISS107/TejJ,f,DR,14.7,11.9,1.66,12.2,673.0
107_29_14,ILSXISS107/TejJ,f,DR,17.5,13.4,3.03,18.5,756.0
107_29_22,ILSXISS107/TejJ,f,DR,17.0,12.2,3.33,21.4,654.0
107_29_15,ILSXISS107/TejJ,m,DR,19.2,14.7,3.21,17.9,598.0
107_29_16,ILSXISS107/TejJ,m,DR,18.95,14.2,2.955,17.15,146.0
107_29_17,ILSXISS107/TejJ,m,DR,16.7,13.5,1.68,11.1,564.0
107_29_18,ILSXISS107/TejJ,m,DR,19.7,14.6,4.2,22.4,658.0
107_29_19,ILSXISS107/TejJ,m,DR,18.7,13.8,2.7,16.4,635.0
110_26_18,ILSXISS110/TejJ,f,DR,19.4,14.7,3.3,18.3,878.0
110_26_19,ILSXISS110/TejJ,f,DR,18.3,14.2,2.5,15.0,688.0
110_26_20,ILSXISS110/TejJ,f,DR,18.3,14.9,3.44,18.8,1197.0
110_26_23,ILSXISS110/TejJ,f,DR,17.5,13.8,1.79,11.5,609.0
110_26_26,ILSXISS110/TejJ,f,DR,19.5,14.5,3.33,18.7,1080.0
110_26_15,ILSXISS110/TejJ,m,DR,21.5,16.9,3.88,18.7,1095.0
110_26_16,ILSXISS110/TejJ,m,DR,24.9,20.2,3.63,15.2,735.0
110_26_17,ILSXISS110/TejJ,m,DR,24.9,19.6,4.46,18.6,889.0
110_26_21,ILSXISS110/TejJ,m,DR,26.2,20.1,3.93,16.4,1204.0
110_26_22,ILSXISS110/TejJ,m,DR,24.3,18.9,3.4,15.2,1204.0
112_29_15,ILSXISS112/TejJ,f,DR,20.5,15.0,3.82,20.3,1172.0
112_29_16,ILSXISS112/TejJ,f,DR,18.9,15.0,2.39,13.8,1222.0
112_29_17,ILSXISS112/TejJ,f,DR,20.9,15.1,2.67,15.0,776.0
112_29_18,ILSXISS112/TejJ,f,DR,20.5,15.0,2.67,15.0,189.0
112_29_19,ILSXISS112/TejJ,f,DR,20.5,15.0,2.67,15.0,203.0
112_29_21,ILSXISS112/TejJ,m,DR,25.0,18.1,4.82,21.0,950.0
112_29_30,ILSXISS112/TejJ,m,DR,30.8,19.8,8.87,30.9,997.0
112_29_31,ILSXISS112/TejJ,m,DR,31.0,20.0,8.6,30.0,1004.0
112_29_35,ILSXISS112/TejJ,m,DR,33.7,19.9,11.5,36.6,1126.0
114_29_12,ILSXISS114/TejJ,f,DR,23.4,17.4,4.32,20.0,397.0
114_29_13,ILSXISS114/TejJ,f,DR,23.4,17.4,4.32,20.0,447.0
114_29_14,ILSXISS114/TejJ,f,DR,23.4,17.4,4.32,20.0,331.0
114_29_15,ILSXISS114/TejJ,f,DR,23.4,17.4,4.32,20.0,151.0
114_29_11,ILSXISS114/TejJ,m,DR,16.0,13.7,1.76,11.4,542.0
114_29_16,ILSXISS114/TejJ,m,DR,15.9,12.7,1.31,9.34,793.0
115_28_11,ILSXISS115/TejJ,f,DR,23.4,17.4,4.32,20.0,147.0
115_28_16,ILSXISS115/TejJ,f,DR,23.4,17.4,4.32,20.0,79.0
115_28_12,ILSXISS115/TejJ,m,DR,23.4,17.4,4.32,20.0,407.0
115_28_13,ILSXISS115/TejJ,m,DR,23.4,17.4,4.32,20.0,227.0
115_28_14,ILSXISS115/TejJ,m,DR,23.4,17.4,4.32,20.0,198.0
115_28_15,ILSXISS115/TejJ,m,DR,23.4,17.4,4.32,20.0,339.0
117_30_18,ILSXISS117,f,DR,19.3,10.6,4.91,31.6,1078.0
117_30_19,ILSXISS117,f,DR,18.9,16.1,2.52,13.6,927.0
117_30_12,ILSXISS117,m,DR,25.6,19.8,3.79,16.1,762.0
117_30_13,ILSXISS117,m,DR,25.65,18.450000000000003,3.685,16.4,483.0
117_30_14,ILSXISS117,m,DR,26.3,19.1,6.04,24.0,745.0
117_30_6,ILSXISS117,m,DR,25.7,17.8,3.58,16.7,696.0
117_30_7,ILSXISS117,m,DR,24.3,17.2,2.25,11.6,557.0
122_30_15,ILSXISS122/TejJ,f,DR,23.4,17.4,4.32,20.0,263.0
122_30_16,ILSXISS122/TejJ,f,DR,23.4,17.4,4.32,20.0,455.0
122_30_17,ILSXISS122/TejJ,f,DR,23.4,17.4,4.32,20.0,178.0
122_30_18,ILSXISS122/TejJ,m,DR,19.4,14.1,2.47,14.9,840.0
122_30_19,ILSXISS122/TejJ,m,DR,19.4,14.9,2.47,14.3,473.0
122_30_20,ILSXISS122/TejJ,m,DR,19.4,14.9,2.47,14.3,362.0
122_30_21,ILSXISS122/TejJ,m,DR,20.2,16.6,2.09,11.2,893.0
122_30_22,ILSXISS122/TejJ,m,DR,17.9,14.9,2.48,14.3,857.0
123_30_11,ILSXISS123/TejJ,f,DR,19.5,14.0,1.79,11.4,1196.0
123_30_17,ILSXISS123/TejJ,f,DR,16.5,13.8,1.83,11.7,616.0
123_30_19,ILSXISS123/TejJ,f,DR,20.3,15.5,3.02,16.3,1033.0
123_30_20,ILSXISS123/TejJ,f,DR,20.2,14.2,2.95,17.2,1093.0
123_30_21,ILSXISS123/TejJ,f,DR,13.7,10.5,1.53,12.7,1122.0
123_30_12,ILSXISS123/TejJ,m,DR,22.7,18.5,3.64,16.4,820.0
123_30_13,ILSXISS123/TejJ,m,DR,23.1,17.6,3.83,17.9,985.0
123_30_14,ILSXISS123/TejJ,m,DR,21.3,16.1,4.0,19.9,993.0
123_30_15,ILSXISS123/TejJ,m,DR,22.9,18.0,3.56,16.5,928.0
123_30_16,ILSXISS123/TejJ,m,DR,22.2,16.6,4.48,21.2,1044.0
13_27_12,ILSXISS13/TejJ,f,DR,19.3,13.4,3.7,21.0,187.0
13_27_17,ILSXISS13/TejJ,f,DR,19.0,12.9,3.75,22.6,937.0
13_27_18,ILSXISS13/TejJ,f,DR,19.6,13.9,3.7,21.0,673.0
13_27_19,ILSXISS13/TejJ,f,DR,20.1,14.0,3.7,20.9,967.0
13_27_20,ILSXISS13/TejJ,f,DR,17.8,12.4,3.31,21.0,977.0
13_27_13,ILSXISS13/TejJ,m,DR,23.2,16.6,5.55,25.1,962.0
13_27_14,ILSXISS13/TejJ,m,DR,22.0,15.8,4.41,21.8,927.0
13_27_15,ILSXISS13/TejJ,m,DR,22.8,17.0,4.21,19.9,973.0
13_27_16,ILSXISS13/TejJ,m,DR,20.5,15.1,3.79,20.1,956.0
13_27_6,ILSXISS13/TejJ,m,DR,20.5,16.0,3.89,19.5,846.0
14_29_11,ILSXISS14/TejJ,m,DR,24.8,18.5,4.02,17.8,1041.0
14_29_12,ILSXISS14/TejJ,m,DR,24.5,18.4,3.51,16.0,1084.0
14_29_14,ILSXISS14/TejJ,m,DR,18.9,14.6,3.79,20.6,1026.0
14_29_6,ILSXISS14/TejJ,m,DR,20.4,17.6,2.56,12.7,1100.0
14_29_7,ILSXISS14/TejJ,m,DR,22.0,18.9,3.01,13.7,925.0
16_28_13,ILSXISS16/TejJ,f,DR,23.0,16.8,2.93,14.8,631.0
16_28_14,ILSXISS16/TejJ,f,DR,22.0,13.4,3.0,18.3,549.0
16_28_15,ILSXISS16/TejJ,f,DR,16.1,11.9,2.32,16.3,658.0
16_28_16,ILSXISS16/TejJ,f,DR,16.1,12.1,1.68,12.2,485.0
16_28_17,ILSXISS16/TejJ,f,DR,18.8,13.2,4.78,26.7,854.0
16_28_20,ILSXISS16/TejJ,m,DR,16.7,12.8,1.39,9.77,426.0
16_28_21,ILSXISS16/TejJ,m,DR,16.6,12.850000000000001,2.055,13.584999999999999,391.0
16_28_23,ILSXISS16/TejJ,m,DR,16.5,12.9,2.72,17.4,701.0
16_28_24,ILSXISS16/TejJ,m,DR,16.6,12.850000000000001,2.055,13.584999999999999,91.0
19_29_12,ILSXISS19/TejJ,f,DR,14.9,11.5,1.62,12.3,661.0
19_29_13,ILSXISS19/TejJ,f,DR,13.9,10.5,1.38,11.6,526.0
19_29_14,ILSXISS19/TejJ,f,DR,16.0,12.0,1.84,13.2,152.0
19_29_15,ILSXISS19/TejJ,f,DR,17.2,12.8,2.23,14.8,1027.0
19_29_6,ILSXISS19/TejJ,f,DR,17.1,12.5,2.06,14.1,1005.0
19_29_18,ILSXISS19/TejJ,m,DR,16.4,11.9,1.46,10.9,610.0
19_29_19,ILSXISS19/TejJ,m,DR,15.25,12.4,1.73,12.15,373.0
19_29_20,ILSXISS19/TejJ,m,DR,15.25,12.4,1.73,12.15,395.0
19_29_24,ILSXISS19/TejJ,m,DR,14.1,12.9,2.0,13.4,471.0
22_31_10,ILSXISS22/TejJ,m,DR,23.8,16.8,5.92,26.1,884.0
22_31_11,ILSXISS22/TejJ,m,DR,23.4,17.1,5.47,24.3,1054.0
22_31_12,ILSXISS22/TejJ,m,DR,24.0,17.5,4.6,20.8,1020.0
22_31_13,ILSXISS22/TejJ,m,DR,24.6,18.1,4.78,20.9,1054.0
23_28_33,ILSXISS23/TejJ,f,DR,14.2,11.0,2.03,15.6,906.0
23_28_34,ILSXISS23/TejJ,f,DR,14.6,10.9,2.38,19.2,220.0
23_28_35,ILSXISS23/TejJ,f,DR,13.5,10.9,2.8,20.4,873.0
23_28_36,ILSXISS23/TejJ,f,DR,12.2,10.0,2.38,19.2,638.0
23_28_37,ILSXISS23/TejJ,f,DR,12.5,10.8,2.14,16.6,852.0
23_28_40,ILSXISS23/TejJ,f,DR,18.0,12.0,3.15,20.8,638.0
23_28_41,ILSXISS23/TejJ,f,DR,14.6,10.9,2.38,19.2,162.0
23_28_42,ILSXISS23/TejJ,f,DR,15.2,10.7,1.6,13.0,529.0
23_28_43,ILSXISS23/TejJ,f,DR,17.5,11.5,3.41,22.9,851.0
23_28_44,ILSXISS23/TejJ,f,DR,16.8,11.7,4.59,28.2,909.0
23_28_45,ILSXISS23/TejJ,f,DR,16.4,12.3,3.33,21.2,594.0
23_28_50,ILSXISS23/TejJ,f,DR,14.6,10.7,2.26,17.4,579.0
23_28_51,ILSXISS23/TejJ,f,DR,14.0,10.4,2.27,17.9,601.0
23_28_52,ILSXISS23/TejJ,f,DR,14.6,10.9,2.38,19.2,221.0
23_28_25,ILSXISS23/TejJ,m,DR,21.0,16.4,3.68,18.4,1016.0
23_28_26,ILSXISS23/TejJ,m,DR,19.0,13.9,2.98,17.6,894.0
23_28_27,ILSXISS23/TejJ,m,DR,21.0,14.8,4.19,22.0,1034.0
23_28_38,ILSXISS23/TejJ,m,DR,20.5,14.4,3.61,20.0,913.0
23_28_39,ILSXISS23/TejJ,m,DR,22.2,14.4,5.33,27.0,1035.0
23_28_46,ILSXISS23/TejJ,m,DR,19.1,14.5,4.31,23.0,950.0
23_28_47,ILSXISS23/TejJ,m,DR,19.9,14.4,3.805,21.35,255.0
23_28_48,ILSXISS23/TejJ,m,DR,19.3,14.0,3.93,21.9,979.0
23_28_49,ILSXISS23/TejJ,m,DR,18.7,13.6,3.58,20.8,1016.0
24_27_11,ILSXISS24/TejJ,f,DR,15.6,12.8,3.64,22.1,645.0
24_27_12,ILSXISS24/TejJ,f,DR,15.2,11.4,2.5,19.4,494.0
24_27_14,ILSXISS24/TejJ,f,DR,15.2,11.4,2.5,19.4,126.0
24_27_17,ILSXISS24/TejJ,f,DR,15.2,11.4,2.46,17.7,619.0
24_27_20,ILSXISS24/TejJ,f,DR,14.5,10.4,2.5,19.4,561.0
24_27_13,ILSXISS24/TejJ,m,DR,17.7,14.2,1.78,10.9,149.0
24_27_15,ILSXISS24/TejJ,m,DR,17.7,14.5,1.78,10.9,947.0
24_27_16,ILSXISS24/TejJ,m,DR,14.8,11.6,1.05,8.27,494.0
24_27_18,ILSXISS24/TejJ,m,DR,20.9,14.2,2.54,15.2,901.0
24_27_19,ILSXISS24/TejJ,m,DR,17.7,14.2,1.78,10.9,134.0
25_27_11,ILSXISS25/TejJ,f,DR,13.1,11.9,1.32,10.0,174.0
25_27_12,ILSXISS25/TejJ,f,DR,13.1,11.9,1.32,10.0,506.0
25_27_14,ILSXISS25/TejJ,f,DR,13.1,11.9,1.32,10.0,323.0
25_27_15,ILSXISS25/TejJ,m,DR,23.6,18.4,4.36,19.2,1078.0
25_27_16,ILSXISS25/TejJ,m,DR,25.6,18.1,5.82,24.3,1070.0
25_27_17,ILSXISS25/TejJ,m,DR,27.2,19.6,5.8,22.8,1086.0
25_27_18,ILSXISS25/TejJ,m,DR,23.1,17.3,5.05,22.6,1039.0
25_27_22,ILSXISS25/TejJ,m,DR,19.5,15.1,3.37,18.2,901.0
26_27_15,ILSXISS26/TejJ,f,DR,19.1,15.1,3.18,17.4,1122.0
26_27_17,ILSXISS26/TejJ,f,DR,19.3,13.8,3.61,20.8,732.0
26_27_18,ILSXISS26/TejJ,f,DR,19.0,13.9,3.3,19.2,1020.0
26_27_19,ILSXISS26/TejJ,f,DR,19.0,13.6,3.16,18.8,1126.0
26_27_24,ILSXISS26/TejJ,f,DR,14.4,11.3,1.5,11.8,665.0
26_27_13,ILSXISS26/TejJ,m,DR,20.6,15.6,1.66,9.62,857.0
26_27_14,ILSXISS26/TejJ,m,DR,19.2,16.5,3.03,15.6,854.0
26_27_16,ILSXISS26/TejJ,m,DR,22.5,17.1,2.96,14.8,1012.0
26_27_6,ILSXISS26/TejJ,m,DR,20.5,16.4,2.2,11.8,954.0
26_27_7,ILSXISS26/TejJ,m,DR,21.2,17.1,2.98,14.8,871.0
28_29_10,ILSXISS28/TejJ,f,DR,21.0,16.1,4.79,22.9,845.0
28_29_11,ILSXISS28/TejJ,f,DR,21.4,15.2,3.76,19.8,575.0
28_29_15,ILSXISS28/TejJ,f,DR,21.2,15.65,4.275,21.35,568.0
28_29_16,ILSXISS28/TejJ,f,DR,21.2,15.65,4.275,21.35,888.0
3_28_22,ILSXISS3/TejJ,f,DR,23.2,16.4,6.01,26.9,981.0
3_28_23,ILSXISS3/TejJ,f,DR,31.6,17.5,13.3,43.2,1158.0
3_28_25,ILSXISS3/TejJ,f,DR,25.5,16.8,7.42,30.6,1165.0
3_28_26,ILSXISS3/TejJ,f,DR,24.4,15.4,7.13,31.6,792.0
3_28_32,ILSXISS3/TejJ,f,DR,22.3,13.3,7.84,37.1,1127.0
3_28_11,ILSXISS3/TejJ,m,DR,32.7,21.45,10.004999999999999,31.85,159.0
3_28_12,ILSXISS3/TejJ,m,DR,29.7,21.2,6.88,24.5,581.0
3_28_13,ILSXISS3/TejJ,m,DR,31.9,21.1,9.31,30.7,774.0
3_28_14,ILSXISS3/TejJ,m,DR,33.5,21.7,10.7,33.0,661.0
3_28_15,ILSXISS3/TejJ,m,DR,34.1,22.3,11.3,33.6,943.0
41_29_20,ILSXISS41/TejJ,f,DR,15.8,13.0,2.52,18.6,355.0
41_29_21,ILSXISS41/TejJ,f,DR,16.2,13.0,3.08,19.1,894.0
41_29_22,ILSXISS41/TejJ,f,DR,13.7,11.0,2.52,18.6,664.0
41_29_23,ILSXISS41/TejJ,f,DR,15.8,13.0,2.48,16.0,872.0
41_29_24,ILSXISS41/TejJ,f,DR,15.8,13.0,2.52,18.6,229.0
41_29_12,ILSXISS41/TejJ,m,DR,24.6,18.2,2.89,13.7,708.0
41_29_13,ILSXISS41/TejJ,m,DR,22.4,17.4,4.2,19.5,707.0
41_29_14,ILSXISS41/TejJ,m,DR,20.7,15.5,1.68,9.8,504.0
41_29_18,ILSXISS41/TejJ,m,DR,21.4,15.6,3.27,17.3,654.0
41_29_19,ILSXISS41/TejJ,m,DR,19.4,15.8,2.62,14.2,643.0
46_26_11,ILSXISS46/TejJ,f,DR,21.6,13.7,6.61,32.5,1215.0
46_26_12,ILSXISS46/TejJ,f,DR,17.8,12.6,3.15,20.0,1235.0
46_26_13,ILSXISS46/TejJ,f,DR,19.5,14.0,3.67,20.8,1238.0
46_26_14,ILSXISS46/TejJ,f,DR,18.3,12.3,4.62,27.3,1244.0
46_26_15,ILSXISS46/TejJ,f,DR,20.9,13.2,6.27,32.3,1196.0
48_30_16,ILSXISS48/TejJ,f,DR,19.3,15.6,3.04,16.3,1075.0
48_30_17,ILSXISS48/TejJ,f,DR,20.3,15.7,3.54,18.4,939.0
48_30_23,ILSXISS48/TejJ,f,DR,17.4,14.4,2.31,13.8,787.0
48_30_24,ILSXISS48/TejJ,f,DR,20.8,15.1,3.26,17.8,1076.0
48_30_28,ILSXISS48/TejJ,f,DR,19.8,15.35,3.15,17.05,723.0
48_30_10,ILSXISS48/TejJ,m,DR,24.3,19.3,3.33,14.7,969.0
48_30_11,ILSXISS48/TejJ,m,DR,22.3,18.6,3.19,14.6,882.0
48_30_12,ILSXISS48/TejJ,m,DR,24.5,19.7,3.13,13.7,916.0
48_30_6,ILSXISS48/TejJ,m,DR,22.0,16.6,3.15,16.0,705.0
48_30_9,ILSXISS48/TejJ,m,DR,26.0,20.6,4.12,16.7,995.0
49_27_12,ILSXISS49/TejJ,f,DR,19.7,15.9,2.82,15.1,573.0
49_27_15,ILSXISS49/TejJ,f,DR,20.2,14.7,3.97,21.3,1072.0
49_27_16,ILSXISS49/TejJ,f,DR,19.9,14.9,3.06,17.0,1054.0
49_27_17,ILSXISS49/TejJ,f,DR,21.0,15.6,4.37,21.9,1194.0
49_27_20,ILSXISS49/TejJ,f,DR,14.6,11.6,1.67,12.6,1057.0
49_27_11,ILSXISS49/TejJ,m,DR,19.1,15.1,2.04,11.9,753.0
49_27_13,ILSXISS49/TejJ,m,DR,22.3,17.4,3.34,16.1,992.0
49_27_14,ILSXISS49/TejJ,m,DR,23.5,17.1,2.95,14.7,900.0
49_27_18,ILSXISS49/TejJ,m,DR,20.700000000000003,16.1,2.495,13.3,340.0
49_27_19,ILSXISS49/TejJ,m,DR,16.4,13.8,1.73,11.1,1015.0
50_29_12,ILSXISS50/TejJ,f,DR,22.2,16.3,4.48,21.6,922.0
50_29_17,ILSXISS50/TejJ,f,DR,19.7,14.8,4.455,22.85,402.0
50_29_18,ILSXISS50/TejJ,f,DR,20.2,15.6,3.78,19.5,944.0
50_29_19,ILSXISS50/TejJ,f,DR,19.2,14.0,4.43,24.1,922.0
50_29_20,ILSXISS50/TejJ,f,DR,18.7,13.4,4.56,25.3,862.0
50_29_11,ILSXISS50/TejJ,m,DR,18.4,16.7,2.01,10.8,429.0
50_29_13,ILSXISS50/TejJ,m,DR,18.4,16.7,2.01,10.8,332.0
50_29_14,ILSXISS50/TejJ,m,DR,18.4,16.7,2.01,10.8,584.0
50_29_15,ILSXISS50/TejJ,m,DR,18.4,16.7,2.01,10.8,388.0
50_29_16,ILSXISS50/TejJ,m,DR,18.4,16.7,2.01,10.8,459.0
51_29_15,ILSXISS51/TejJ,f,DR,24.0,15.9,6.41,28.7,1207.0
51_29_6,ILSXISS51/TejJ,f,DR,24.3,17.1,5.75,25.1,1196.0
51_29_7,ILSXISS51/TejJ,f,DR,22.6,16.8,4.14,19.8,881.0
51_29_8,ILSXISS51/TejJ,f,DR,20.6,14.0,5.66,28.8,1222.0
51_29_9,ILSXISS51/TejJ,f,DR,24.6,16.5,6.87,29.4,954.0
51_29_16,ILSXISS51/TejJ,m,DR,32.2,21.7,7.01,24.4,1150.0
51_29_17,ILSXISS51/TejJ,m,DR,27.7,19.0,6.74,26.2,879.0
51_29_25,ILSXISS51/TejJ,m,DR,28.0,20.5,5.79,22.0,1102.0
51_29_26,ILSXISS51/TejJ,m,DR,31.3,21.8,7.67,26.0,1121.0
51_29_27,ILSXISS51/TejJ,m,DR,26.4,20.0,5.61,21.9,596.0
52_27_10,ILSXISS52/TejJ,m,DR,20.7,15.2,4.07,21.2,645.0
52_27_11,ILSXISS52/TejJ,m,DR,19.6,15.6,3.69,19.2,666.0
52_27_12,ILSXISS52/TejJ,m,DR,17.8,14.7,2.79,16.0,627.0
52_27_15,ILSXISS52/TejJ,m,DR,17.8,12.1,2.36,16.3,609.0
56_26_11,ILSXISS56/TejJ,f,DR,18.5,14.0,4.04,22.4,884.0
56_26_12,ILSXISS56/TejJ,f,DR,17.5,12.1,3.82,24.1,1047.0
56_26_13,ILSXISS56/TejJ,f,DR,16.4,12.5,3.51,21.9,1111.0
56_26_14,ILSXISS56/TejJ,f,DR,17.3,13.6,3.23,19.2,1131.0
56_26_18,ILSXISS56/TejJ,f,DR,17.7,13.4,3.79,22.0,958.0
56_26_15,ILSXISS56/TejJ,m,DR,17.3,14.4,3.73,20.5,1295.0
56_26_16,ILSXISS56/TejJ,m,DR,21.7,16.4,4.11,20.0,1131.0
56_26_17,ILSXISS56/TejJ,m,DR,21.2,16.1,3.29,17.0,1218.0
56_26_19,ILSXISS56/TejJ,m,DR,21.3,16.5,3.3,16.6,1194.0
56_26_20,ILSXISS56/TejJ,m,DR,21.25,16.25,3.5149999999999997,18.5,1237.0
60_29_11,ILSXISS60/TejJ,f,DR,19.3,11.9,6.13,34.0,1189.0
60_29_12,ILSXISS60/TejJ,f,DR,19.3,11.9,6.13,34.0,1204.0
60_29_13,ILSXISS60/TejJ,f,DR,19.3,11.9,6.13,34.0,773.0
60_29_14,ILSXISS60/TejJ,f,DR,19.3,11.9,6.13,34.0,1165.0
62_29_10,ILSXISS62/TejJ,m,DR,19.5,15.100000000000001,3.3099999999999996,17.9,408.0
62_29_11,ILSXISS62/TejJ,m,DR,19.5,15.100000000000001,3.3099999999999996,17.9,302.0
62_29_12,ILSXISS62/TejJ,m,DR,18.0,14.1,2.8,16.6,658.0
62_29_13,ILSXISS62/TejJ,m,DR,19.5,15.100000000000001,3.3099999999999996,17.9,431.0
62_29_14,ILSXISS62/TejJ,m,DR,21.0,16.1,3.82,19.2,673.0
66_28_11,ILSXISS66/TejJ,f,DR,24.4,16.2,4.0,19.8,967.0
66_28_12,ILSXISS66/TejJ,f,DR,21.9,15.1,3.5,18.8,794.0
66_28_13,ILSXISS66/TejJ,f,DR,22.8,15.7,4.6,22.6,786.0
66_28_14,ILSXISS66/TejJ,f,DR,22.4,14.8,3.61,19.6,839.0
66_28_15,ILSXISS66/TejJ,f,DR,19.6,13.9,2.76,16.5,866.0
66_28_16,ILSXISS66/TejJ,m,DR,24.9,18.0,4.08,18.5,1176.0
66_28_19,ILSXISS66/TejJ,m,DR,28.1,19.7,5.93,23.1,836.0
66_28_20,ILSXISS66/TejJ,m,DR,28.8,20.9,5.13,19.7,785.0
66_28_21,ILSXISS66/TejJ,m,DR,27.3,19.4,5.79,23.0,1169.0
66_28_22,ILSXISS66/TejJ,m,DR,25.6,18.1,5.38,22.9,692.0
7_29_16,ILSXISS7/TejJ,f,DR,23.4,17.4,4.32,20.0,393.0
7_29_19,ILSXISS7/TejJ,f,DR,23.4,17.4,4.32,20.0,202.0
7_29_20,ILSXISS7/TejJ,f,DR,23.4,17.4,4.32,20.0,421.0
7_29_13,ILSXISS7/TejJ,m,DR,21.6,17.1,3.52,17.4,149.0
7_29_17,ILSXISS7/TejJ,m,DR,21.6,17.1,3.52,17.1,1181.0
7_29_18,ILSXISS7/TejJ,m,DR,23.4,18.1,4.14,18.6,980.0
7_29_21,ILSXISS7/TejJ,m,DR,20.9,16.2,3.42,17.4,1126.0
7_29_22,ILSXISS7/TejJ,m,DR,21.6,17.1,3.52,17.4,84.0
79_26_12,ILSXISS79,m,DR,17.2,14.5,2.15,12.9,1066.0
79_26_14,ILSXISS79,m,DR,19.0,14.2,3.32,19.0,991.0
79_26_15,ILSXISS79,m,DR,18.7,15.3,2.18,12.5,1065.0
80_27_23,ILSXISS80/TejJ,f,DR,25.6,14.7,7.46,33.6,1051.0
80_27_25,ILSXISS80/TejJ,f,DR,22.4,16.0,3.89,19.6,728.0
80_27_31,ILSXISS80/TejJ,f,DR,25.450000000000003,15.55,7.9399999999999995,33.95,409.0
80_27_32,ILSXISS80/TejJ,f,DR,25.3,15.1,8.42,35.8,905.0
80_27_33,ILSXISS80/TejJ,f,DR,27.2,17.3,9.04,34.3,925.0
80_27_26,ILSXISS80/TejJ,m,DR,26.2,21.8,7.04,24.4,933.0
80_27_27,ILSXISS80/TejJ,m,DR,26.2,19.1,5.41,22.1,899.0
80_27_28,ILSXISS80/TejJ,m,DR,20.6,16.6,3.08,15.7,612.0
80_27_29,ILSXISS80/TejJ,m,DR,27.9,19.6,5.46,21.8,923.0
80_27_30,ILSXISS80/TejJ,m,DR,26.3,18.3,5.77,24.0,902.0
84_28_14,ILSXISS84/TejJ,f,DR,23.4,17.4,4.32,20.0,141.0
84_28_15,ILSXISS84/TejJ,f,DR,23.4,17.4,4.32,20.0,373.0
84_28_16,ILSXISS84/TejJ,f,DR,23.4,17.4,4.32,20.0,497.0
84_28_17,ILSXISS84/TejJ,f,DR,23.4,17.4,4.32,20.0,329.0
84_28_18,ILSXISS84/TejJ,f,DR,23.4,17.4,4.32,20.0,136.0
84_28_11,ILSXISS84/TejJ,m,DR,22.3,16.8,3.99,19.2,986.0
84_28_12,ILSXISS84/TejJ,m,DR,21.4,16.3,4.39,21.2,798.0
84_28_13,ILSXISS84/TejJ,m,DR,25.6,20.3,4.72,18.9,929.0
84_28_19,ILSXISS84/TejJ,m,DR,16.3,12.5,2.8,18.3,1003.0
84_28_20,ILSXISS84/TejJ,m,DR,23.5,17.2,3.35,16.3,923.0
86_29_12,ILSXISS86/TejJ,f,DR,19.9,14.7,4.33,22.8,858.0
86_29_13,ILSXISS86/TejJ,f,DR,19.299999999999997,14.95,4.045,21.8,135.0
86_29_14,ILSXISS86/TejJ,f,DR,18.7,13.6,4.11,23.2,876.0
86_29_16,ILSXISS86/TejJ,f,DR,18.6,15.2,3.98,20.8,825.0
86_29_8,ILSXISS86/TejJ,f,DR,20.5,15.3,3.69,19.5,888.0
86_29_17,ILSXISS86/TejJ,m,DR,23.4,17.4,4.32,20.0,194.0
86_29_19,ILSXISS86/TejJ,m,DR,23.4,17.4,4.32,20.0,333.0
86_29_20,ILSXISS86/TejJ,m,DR,23.4,17.4,4.32,20.0,125.0
89_29_11,ILSXISS89/TejJ,f,DR,19.9,14.2,3.66,20.5,1131.0
89_29_12,ILSXISS89/TejJ,f,DR,18.2,13.9,3.17,18.5,913.0
89_29_13,ILSXISS89/TejJ,f,DR,20.4,14.6,3.44,19.1,1208.0
89_29_14,ILSXISS89/TejJ,f,DR,20.5,14.7,3.59,19.7,910.0
89_29_15,ILSXISS89/TejJ,f,DR,19.9,14.4,3.4,19.1,997.0
89_29_16,ILSXISS89/TejJ,m,DR,25.2,18.6,2.84,13.2,1270.0
89_29_17,ILSXISS89/TejJ,m,DR,27.2,19.4,5.07,20.7,1280.0
89_29_18,ILSXISS89/TejJ,m,DR,22.8,17.1,2.9,14.5,892.0
89_29_21,ILSXISS89/TejJ,m,DR,22.6,17.1,3.05,15.1,1251.0
89_29_22,ILSXISS89/TejJ,m,DR,22.7,15.4,5.12,25.0,1250.0
90_29_20,ILSXISS90/TejJ,f,DR,22.6,16.9,4.45,20.8,1005.0
90_29_21,ILSXISS90/TejJ,f,DR,25.0,18.3,5.23,22.2,589.0
90_29_22,ILSXISS90/TejJ,f,DR,19.8,15.6,2.84,15.4,1063.0
90_29_23,ILSXISS90/TejJ,f,DR,24.7,18.7,4.77,20.3,1073.0
90_29_24,ILSXISS90/TejJ,f,DR,21.9,17.2,3.57,17.2,1087.0
90_29_11,ILSXISS90/TejJ,m,DR,23.3,18.9,2.43,11.4,562.0
90_29_12,ILSXISS90/TejJ,m,DR,29.0,19.1,2.26,10.6,851.0
90_29_13,ILSXISS90/TejJ,m,DR,23.1,19.0,2.4850000000000003,11.65,388.0
90_29_14,ILSXISS90/TejJ,m,DR,22.9,18.8,2.54,11.9,892.0
90_29_15,ILSXISS90/TejJ,m,DR,22.8,22.6,4.63,17.0,825.0
92_26_13,ILSXISS92/TejJ,f,DR,17.6,14.5,3.17,17.9,1059.0
92_26_15,ILSXISS92/TejJ,f,DR,18.3,12.9,2.65,17.0,1054.0
92_26_16,ILSXISS92/TejJ,f,DR,15.5,11.4,1.65,12.7,1102.0
92_26_19,ILSXISS92/TejJ,f,DR,17.1,13.1,3.56,21.4,1083.0
92_26_20,ILSXISS92/TejJ,f,DR,16.6,12.4,2.93,19.1,865.0
92_26_11,ILSXISS92/TejJ,m,DR,21.2,17.0,2.76,14.0,669.0
92_26_12,ILSXISS92/TejJ,m,DR,15.7,13.3,1.5,10.1,1100.0
92_26_14,ILSXISS92/TejJ,m,DR,22.7,17.0,3.5,17.1,1071.0
92_26_17,ILSXISS92/TejJ,m,DR,20.5,16.0,3.33,17.2,1152.0
92_26_18,ILSXISS92/TejJ,m,DR,20.6,16.6,3.27,16.4,1135.0
94_29_14,ILSXISS94/TejJ,f,DR,20.6,15.8,3.01,16.0,623.0
94_29_15,ILSXISS94/TejJ,f,DR,19.0,14.9,2.71,15.4,1057.0
94_29_18,ILSXISS94/TejJ,f,DR,19.2,15.0,2.76,15.6,642.0
94_29_19,ILSXISS94/TejJ,f,DR,17.2,14.4,2.54,15.0,974.0
94_29_20,ILSXISS94/TejJ,f,DR,17.9,14.6,2.99,17.0,1018.0
94_29_16,ILSXISS94/TejJ,m,DR,20.3,15.1,2.81,15.7,700.0
94_29_17,ILSXISS94/TejJ,m,DR,19.0,15.1,2.81,15.7,343.0
94_29_6,ILSXISS94/TejJ,m,DR,19.0,15.1,2.81,15.7,245.0
94_29_7,ILSXISS94/TejJ,m,DR,17.9,13.8,1.93,12.3,691.0
94_29_8,ILSXISS94/TejJ,m,DR,19.0,15.5,3.14,16.8,779.0
97_27_13,ILSXISS97/TejJ,f,DR,23.4,17.4,4.32,20.0,442.0
97_27_14,ILSXISS97/TejJ,f,DR,23.4,17.4,4.32,20.0,190.0
97_27_15,ILSXISS97/TejJ,f,DR,23.4,17.4,4.32,20.0,608.0
97_27_17,ILSXISS97/TejJ,f,DR,23.4,17.4,4.32,20.0,427.0
97_27_18,ILSXISS97/TejJ,f,DR,23.4,17.4,4.32,20.0,455.0
97_27_11,ILSXISS97/TejJ,m,DR,23.4,17.4,4.32,20.0,424.0
97_27_12,ILSXISS97/TejJ,m,DR,23.4,17.4,4.32,20.0,496.0
97_27_16,ILSXISS97/TejJ,m,DR,23.4,17.4,4.32,20.0,346.0
98_27_15,ILSXISS98/TejJ,f,DR,18.5,13.4,3.625,20.85,537.0
98_27_16,ILSXISS98/TejJ,f,DR,20.6,15.3,4.48,22.6,825.0
98_27_20,ILSXISS98/TejJ,f,DR,19.8,13.1,4.09,23.8,732.0
98_27_21,ILSXISS98/TejJ,f,DR,17.1,13.5,3.16,19.0,549.0
98_27_24,ILSXISS98/TejJ,f,DR,17.2,13.3,3.14,19.1,604.0
98_27_17,ILSXISS98/TejJ,m,DR,21.5,15.850000000000001,4.58,22.55,379.0
98_27_18,ILSXISS98/TejJ,m,DR,21.5,15.8,4.75,23.1,548.0
98_27_19,ILSXISS98/TejJ,m,DR,20.3,15.6,4.41,22.0,635.0
98_27_22,ILSXISS98/TejJ,m,DR,21.5,16.5,4.31,20.8,819.0
98_27_23,ILSXISS98/TejJ,m,DR,22.8,15.9,5.24,24.8,918.0
99_27_11,ILSXISS99/TejJ,f,DR,17.5,13.4,2.19,14.1,219.0
99_27_12,ILSXISS99/TejJ,f,DR,17.5,13.4,2.19,14.1,158.0
99_27_13,ILSXISS99/TejJ,f,DR,19.5,13.4,2.3,14.6,753.0
99_27_14,ILSXISS99/TejJ,f,DR,17.5,13.4,2.19,14.1,582.0
99_27_17,ILSXISS99/TejJ,f,DR,17.3,13.2,1.85,12.3,638.0
99_27_15,ILSXISS99/TejJ,m,DR,28.9,19.4,5.78,23.0,574.0
99_27_16,ILSXISS99/TejJ,m,DR,29.5,18.6,6.73,26.6,863.0
99_27_18,ILSXISS99/TejJ,m,DR,28.6,18.5,8.29,30.9,1003.0
99_27_19,ILSXISS99/TejJ,m,DR,31.7,20.9,8.57,29.1,1014.0
99_27_20,ILSXISS99/TejJ,m,DR,28.3,19.8,6.35,24.3,681.0
