strain,sex,animal_id,lifespan_median,lifespandays
129S1/SvImJ,f,00068AF233,,673
129S1/SvImJ,f,00068AF6D7,,483
129S1/SvImJ,f,00068B0443,,651
129S1/SvImJ,f,00068B0CE6,,1014
129S1/SvImJ,f,00068B1641,,1014
129S1/SvImJ,f,00068B1CAD,,518
129S1/SvImJ,f,00068B27AB,,673
129S1/SvImJ,f,00068af31a,,920
129S1/SvImJ,f,00068af597,,680
129S1/SvImJ,f,00068afa62,,821
129S1/SvImJ,f,00068afc4f,,938
129S1/SvImJ,f,00068afc99,,763
129S1/SvImJ,f,00068afed4,,757
129S1/SvImJ,f,00068b0161,,1099
129S1/SvImJ,f,00068b035d,,869
129S1/SvImJ,f,00068b040f,,637
129S1/SvImJ,f,00068b1045,,791
129S1/SvImJ,f,00068b105e,,658
129S1/SvImJ,f,00068b176e,,576
129S1/SvImJ,f,00068b1871,,729
129S1/SvImJ,f,00068b2073,,897
129S1/SvImJ,f,00068b2098,,819
129S1/SvImJ,f,00068b20a5,,925
129S1/SvImJ,f,00068b26ed,,547
129S1/SvImJ,f,000699FEF2,,861
129S1/SvImJ,f,00069A25E0,,980
129S1/SvImJ,f,00069A2C42,,938
129S1/SvImJ,f,00069A2FBE,,830
129S1/SvImJ,f,1,,616
129S1/SvImJ,f,2,,763
129S1/SvImJ,f,3,,770
129S1/SvImJ,f,4,,987
129S1/SvImJ,m,00068AF16E,,917
129S1/SvImJ,m,00068AF1B9,,882
129S1/SvImJ,m,00068AF575,,925
129S1/SvImJ,m,00068AF614,,919
129S1/SvImJ,m,00068AFCAC,,992
129S1/SvImJ,m,00068AFE5D,,914
129S1/SvImJ,m,00068B0F1C,,1021
129S1/SvImJ,m,00068B1E9D,,857
129S1/SvImJ,m,00068CDE95,,809
129S1/SvImJ,m,00068CDF96,,856
129S1/SvImJ,m,00068CE196,,778
129S1/SvImJ,m,00068CE500,,659
129S1/SvImJ,m,00068D02B0,,990
129S1/SvImJ,m,00068D0502,,973
129S1/SvImJ,m,00068D135D,,798
129S1/SvImJ,m,00068D42D3,,749
129S1/SvImJ,m,00068af2fc,,798
129S1/SvImJ,m,00068af6c6,,842
129S1/SvImJ,m,00068b072b,,812
129S1/SvImJ,m,00068b07d5,,1000
129S1/SvImJ,m,00068b0a37,,1043
129S1/SvImJ,m,00068b0f14,,708
129S1/SvImJ,m,00068b10e0,,876
129S1/SvImJ,m,00068b125b,,534
129S1/SvImJ,m,87,,708
129S1/SvImJ,m,88,,717
129S1/SvImJ,m,89,,857
129S1/SvImJ,m,90,,1102
129S1/SvImJ,m,91,,959
129S1/SvImJ,m,92,,1021
129S1/SvImJ,m,93,,1029
129S1/SvImJ,m,94,,1050
A/J,f,00068AF558,,448
A/J,f,00068AF853,,518
A/J,f,00068AFF87,,394
A/J,f,00068B0BF3,,527
A/J,f,00068B1801,,739
A/J,f,00068B1C33,,735
A/J,f,00068B1CEA,,751
A/J,f,00068B206F,,619
A/J,f,00068B24B8,,694
A/J,f,00068B28B8,,694
A/J,f,00068B28EC,,610
A/J,f,00068B2C08,,694
A/J,f,00068CF93C,,406
A/J,f,00068af64b,,526
A/J,f,00068afa4e,,793
A/J,f,00068b032f,,669
A/J,f,00068b07d0,,357
A/J,f,00068b0ad0,,750
A/J,f,00068b10b5,,681
A/J,f,00068b2059,,639
A/J,f,00068b2279,,784
A/J,f,00068b2591,,756
A/J,f,00068b25b2,,623
A/J,f,00069a0f64,,760
A/J,f,00069a0f7c,,619
A/J,f,00069a184f,,757
A/J,f,00069a1a4c,,619
A/J,f,00069a1aba,,619
A/J,f,00069a1cc6,,687
A/J,f,00069a2293,,806
A/J,f,95,,534
A/J,f,96,,373
A/J,m,00068b0abe,,562
A/J,m,00068b163a,,617
A/J,m,00068b169a,,763
A/J,m,00068b1d42,,555
A/J,m,00068b21e0,,466
A/J,m,00068b25a3,,623
A/J,m,00068ce0db,,514
A/J,m,00068d0d2e,,728
A/J,m,00068d207d,,700
A/J,m,00068d3006,,779
A/J,m,00068d31e9,,681
A/J,m,00068d40ad,,401
A/J,m,00068d4236,,861
A/J,m,00068d4362,,779
A/J,m,000699FB70,,637
A/J,m,00069A19BE,,728
A/J,m,00069A1BB2,,708
A/J,m,100,,533
A/J,m,101,,652
A/J,m,102,,478
A/J,m,103,,541
A/J,m,104,,626
A/J,m,105,,798
A/J,m,106,,529
A/J,m,107,,581
A/J,m,108,,594
A/J,m,109,,644
A/J,m,97,,555
A/J,m,98,,252
A/J,m,99,,504
BALB/cByJ,f,00068B0508,,802
BALB/cByJ,f,00068B0A4C,,802
BALB/cByJ,f,00068B0D22,,841
BALB/cByJ,f,00068B0E4D,,557
BALB/cByJ,f,00068B1D53,,638
BALB/cByJ,f,00068B2436,,785
BALB/cByJ,f,00068B260F,,798
BALB/cByJ,f,00068B27B1,,301
BALB/cByJ,f,00068af298,,837
BALB/cByJ,f,00068af96d,,721
BALB/cByJ,f,00068afc56,,798
BALB/cByJ,f,00068afd31,,877
BALB/cByJ,f,00068afd78,,877
BALB/cByJ,f,00068b07cd,,848
BALB/cByJ,f,00068b0ff6,,729
BALB/cByJ,f,00068b10fd,,882
BALB/cByJ,f,00068b16b9,,553
BALB/cByJ,f,00068b18a2,,757
BALB/cByJ,f,00068b1c1a,,700
BALB/cByJ,f,00068b1c69,,757
BALB/cByJ,f,00068b1db8,,581
BALB/cByJ,f,00068b1e11,,906
BALB/cByJ,f,00068b1f43,,890
BALB/cByJ,f,00068b2089,,757
BALB/cByJ,f,135,,724
BALB/cByJ,f,136,,930
BALB/cByJ,f,137,,819
BALB/cByJ,f,138,,819
BALB/cByJ,f,139,,301
BALB/cByJ,f,140,,560
BALB/cByJ,f,141,,638
BALB/cByJ,f,142,,715
BALB/cByJ,m,00068AFE4B,,758
BALB/cByJ,m,00068B177C,,714
BALB/cByJ,m,00068B28B7,,939
BALB/cByJ,m,00068CD521,,469
BALB/cByJ,m,00068CF5B6,,753
BALB/cByJ,m,00068D0C55,,701
BALB/cByJ,m,00068D0CF3,,512
BALB/cByJ,m,00068D2C59,,758
BALB/cByJ,m,00068D4C4D,,427
BALB/cByJ,m,00068af3b4,,840
BALB/cByJ,m,00068af5bb,,707
BALB/cByJ,m,00068afc53,,533
BALB/cByJ,m,00068afec4,,555
BALB/cByJ,m,00068b06c2,,406
BALB/cByJ,m,00068b09c1,,757
BALB/cByJ,m,00068b0b59,,664
BALB/cByJ,m,00068b0cae,,527
BALB/cByJ,m,00068b0ed7,,624
BALB/cByJ,m,00068b0fa8,,975
BALB/cByJ,m,00068b1663,,936
BALB/cByJ,m,00068b23a7,,504
BALB/cByJ,m,00068cdc89,,895
BALB/cByJ,m,00068cff7b,,925
BALB/cByJ,m,00069a03ca,,889
BALB/cByJ,m,00069a1d61,,767
BALB/cByJ,m,00069a1eb8,,889
BALB/cByJ,m,00069a3047,,721
BALB/cByJ,m,0068b29d2,,763
BALB/cByJ,m,14,,232
BALB/cByJ,m,143,,345
BALB/cByJ,m,144,,386
BALB/cByJ,m,145,,386
BTBR T<+> Itpr3<tf>/J,f,00068af450,,547
BTBR T<+> Itpr3<tf>/J,f,00068afc75,,597
BTBR T<+> Itpr3<tf>/J,f,00068afceb,,310
BTBR T<+> Itpr3<tf>/J,f,00068afe43,,877
BTBR T<+> Itpr3<tf>/J,f,00068b0285,,666
BTBR T<+> Itpr3<tf>/J,f,00068b04db,,610
BTBR T<+> Itpr3<tf>/J,f,00068b0528,,536
BTBR T<+> Itpr3<tf>/J,f,00068b0c00,,693
BTBR T<+> Itpr3<tf>/J,f,00068b1031,,530
BTBR T<+> Itpr3<tf>/J,f,00068b1279,,448
BTBR T<+> Itpr3<tf>/J,f,00068b1da8,,486
BTBR T<+> Itpr3<tf>/J,f,00068b25ea,,687
BTBR T<+> Itpr3<tf>/J,f,00068b263e,,697
BTBR T<+> Itpr3<tf>/J,f,00068b2737,,596
BTBR T<+> Itpr3<tf>/J,f,00068b27b6,,476
BTBR T<+> Itpr3<tf>/J,f,00068d1f90,,644
BTBR T<+> Itpr3<tf>/J,f,00069a0354,,707
BTBR T<+> Itpr3<tf>/J,f,00069a308c,,739
BTBR T<+> Itpr3<tf>/J,f,146,,232
BTBR T<+> Itpr3<tf>/J,f,147,,567
BTBR T<+> Itpr3<tf>/J,f,148,,647
BTBR T<+> Itpr3<tf>/J,f,149,,479
BTBR T<+> Itpr3<tf>/J,f,150,,567
BTBR T<+> Itpr3<tf>/J,f,151,,638
BTBR T<+> Itpr3<tf>/J,f,152,,595
BTBR T<+> Itpr3<tf>/J,f,153,,617
BTBR T<+> Itpr3<tf>/J,f,154,,631
BTBR T<+> Itpr3<tf>/J,f,155,,668
BTBR T<+> Itpr3<tf>/J,f,156,,217
BTBR T<+> Itpr3<tf>/J,f,157,,581
BTBR T<+> Itpr3<tf>/J,f,158,,611
BTBR T<+> Itpr3<tf>/J,f,159,,658
BTBR T<+> Itpr3<tf>/J,m,00068af4a5,,435
BTBR T<+> Itpr3<tf>/J,m,00068af643,,530
BTBR T<+> Itpr3<tf>/J,m,00068af68e,,444
BTBR T<+> Itpr3<tf>/J,m,00068afa3b,,575
BTBR T<+> Itpr3<tf>/J,m,00068afe83,,413
BTBR T<+> Itpr3<tf>/J,m,00068b048f,,715
BTBR T<+> Itpr3<tf>/J,m,00068b0606,,736
BTBR T<+> Itpr3<tf>/J,m,00068b07f2,,350
BTBR T<+> Itpr3<tf>/J,m,00068b0df5,,847
BTBR T<+> Itpr3<tf>/J,m,00068b118f,,598
BTBR T<+> Itpr3<tf>/J,m,00068b1432,,498
BTBR T<+> Itpr3<tf>/J,m,00068b1486,,672
BTBR T<+> Itpr3<tf>/J,m,00068b1986,,393
BTBR T<+> Itpr3<tf>/J,m,00068b1b18,,742
BTBR T<+> Itpr3<tf>/J,m,00068b1e2c,,828
BTBR T<+> Itpr3<tf>/J,m,00068b2373,,555
BTBR T<+> Itpr3<tf>/J,m,00069a16a4,,728
BTBR T<+> Itpr3<tf>/J,m,00069a20db,,889
BTBR T<+> Itpr3<tf>/J,m,160,,400
BTBR T<+> Itpr3<tf>/J,m,161,,538
BTBR T<+> Itpr3<tf>/J,m,162,,420
BTBR T<+> Itpr3<tf>/J,m,163,,587
BTBR T<+> Itpr3<tf>/J,m,164,,805
BTBR T<+> Itpr3<tf>/J,m,165,,822
BTBR T<+> Itpr3<tf>/J,m,166,,373
BTBR T<+> Itpr3<tf>/J,m,167,,437
BTBR T<+> Itpr3<tf>/J,m,168,,560
BTBR T<+> Itpr3<tf>/J,m,169,,679
BTBR T<+> Itpr3<tf>/J,m,170,,456
BTBR T<+> Itpr3<tf>/J,m,171,,533
BTBR T<+> Itpr3<tf>/J,m,172,,694
BTBR T<+> Itpr3<tf>/J,m,173,,700
BUB/BnJ,f,000666d252,,635
BUB/BnJ,f,00068B0861,,818
BUB/BnJ,f,00068B2B1D,,457
BUB/BnJ,f,00068afc65,,538
BUB/BnJ,f,00068b08b0,,495
BUB/BnJ,f,00068b0c1e,,678
BUB/BnJ,f,00068b1350,,628
BUB/BnJ,f,00068b1620,,551
BUB/BnJ,f,00068b226a,,904
BUB/BnJ,f,00068cd85c,,621
BUB/BnJ,f,00068ce425,,810
BUB/BnJ,f,00068cf827,,867
BUB/BnJ,f,00069a0bf2,,726
BUB/BnJ,f,00069a1aa3,,1034
BUB/BnJ,f,00069a2655,,965
BUB/BnJ,f,00069a2a4e,,722
BUB/BnJ,f,000B6B05DB,,455
BUB/BnJ,f,174,,328
BUB/BnJ,f,175,,343
BUB/BnJ,f,176,,266
BUB/BnJ,f,177,,357
BUB/BnJ,f,178,,523
BUB/BnJ,f,179,,670
BUB/BnJ,f,180,,279
BUB/BnJ,m,00068AF246,,874
BUB/BnJ,m,00068AF767,,875
BUB/BnJ,m,00068B0CD2,,260
BUB/BnJ,m,00068b0187,,447
BUB/BnJ,m,00068b0d9b,,888
BUB/BnJ,m,00068b106a,,307
BUB/BnJ,m,00068b250c,,366
BUB/BnJ,m,00068b2b45,,889
BUB/BnJ,m,00068ce47b,,693
BUB/BnJ,m,00069a0931,,426
BUB/BnJ,m,00069a1427,,768
BUB/BnJ,m,00069a18cf,,873
BUB/BnJ,m,00069a1ae9,,693
BUB/BnJ,m,00069a1dbc,,855
BUB/BnJ,m,00069a201b,,1020
BUB/BnJ,m,00069a24e6,,889
BUB/BnJ,m,00069a2645,,608
BUB/BnJ,m,181,,354
BUB/BnJ,m,182,,354
BUB/BnJ,m,183,,301
BUB/BnJ,m,184,,341
BUB/BnJ,m,185,,383
BUB/BnJ,m,186,,287
BUB/BnJ,m,187,,493
C3H/HeJ,f,00068af477,,815
C3H/HeJ,f,00068af4c4,,582
C3H/HeJ,f,00068afada,,595
C3H/HeJ,f,00068b0130,,876
C3H/HeJ,f,00068b0291,,800
C3H/HeJ,f,00068b0303,,548
C3H/HeJ,f,00068b0417,,795
C3H/HeJ,f,00068b0843,,795
C3H/HeJ,f,00068b09be,,694
C3H/HeJ,f,00068b09e6,,701
C3H/HeJ,f,00068b0b7c,,659
C3H/HeJ,f,00068b0c7c,,854
C3H/HeJ,f,00068b12c0,,813
C3H/HeJ,f,00068b143d,,835
C3H/HeJ,f,00068b14b1,,701
C3H/HeJ,f,00068b1e00,,777
C3H/HeJ,f,00068b1ed4,,801
C3H/HeJ,f,00068b1eed,,777
C3H/HeJ,f,00068b20cd,,833
C3H/HeJ,f,00068b225d,,622
C3H/HeJ,f,00068b2917,,323
C3H/HeJ,f,00068b298d,,869
C3H/HeJ,f,189,,532
C3H/HeJ,f,190,,585
C3H/HeJ,f,191,,836
C3H/HeJ,f,192,,616
C3H/HeJ,f,193,,683
C3H/HeJ,f,194,,820
C3H/HeJ,f,195,,861
C3H/HeJ,m,00068CEBDA,,693
C3H/HeJ,m,00068CED4E,,595
C3H/HeJ,m,00068CF17E,,455
C3H/HeJ,m,00068CF8A3,,878
C3H/HeJ,m,00068CFCC0,,780
C3H/HeJ,m,00068D18C5,,518
C3H/HeJ,m,00068D1E76,,687
C3H/HeJ,m,00068D47E4,,728
C3H/HeJ,m,00068af01d,,381
C3H/HeJ,m,00068af497,,609
C3H/HeJ,m,00068af663,,802
C3H/HeJ,m,00068af725,,847
C3H/HeJ,m,00068af910,,623
C3H/HeJ,m,00068afa5c,,729
C3H/HeJ,m,00068afaeb,,889
C3H/HeJ,m,00068afc39,,711
C3H/HeJ,m,00068afc84,,455
C3H/HeJ,m,00068b0272,,820
C3H/HeJ,m,00068b04ac,,833
C3H/HeJ,m,00068b0593,,890
C3H/HeJ,m,00068b076e,,619
C3H/HeJ,m,00068b089b,,714
C3H/HeJ,m,00068b09b0,,834
C3H/HeJ,m,00068b0cb9,,694
C3H/HeJ,m,00068b1521,,630
C3H/HeJ,m,00068b1a2f,,602
C3H/HeJ,m,00068b1b79,,701
C3H/HeJ,m,00068b23ce,,820
C3H/HeJ,m,20,,749
C3H/HeJ,m,21,,857
C3H/HeJ,m,22,,885
C3H/HeJ,m,23,,966
C57BL/10J,f,00068AF188,,1182
C57BL/10J,f,00068AF559,,574
C57BL/10J,f,00068AF8F8,,804
C57BL/10J,f,00068AF9A3,,1125
C57BL/10J,f,00068AF9BD,,811
C57BL/10J,f,00068AFCD5,,973
C57BL/10J,f,00068B01C0,,1202
C57BL/10J,f,00068B0532,,692
C57BL/10J,f,00068B06DD,,1010
C57BL/10J,f,00068B080C,,567
C57BL/10J,f,00068B08B5,,888
C57BL/10J,f,00068B0F1A,,692
C57BL/10J,f,00068B0FB0,,1097
C57BL/10J,f,00068B1245,,399
C57BL/10J,f,00068B1530,,1035
C57BL/10J,f,00068B22E9,,1159
C57BL/10J,f,00068B2A40,,906
C57BL/10J,f,00068B2B7A,,905
C57BL/10J,f,00068CD5FD,,560
C57BL/10J,f,00068CD932,,908
C57BL/10J,f,00068CF9DF,,975
C57BL/10J,f,00068D0695,,888
C57BL/10J,f,00068D11F8,,798
C57BL/10J,f,00068D2DFE,,544
C57BL/10J,f,00068D4378,,902
C57BL/10J,f,00068af8d1,,1056
C57BL/10J,f,00068afeb2,,671
C57BL/10J,f,00068b0e8f,,588
C57BL/10J,f,00068b0f47,,635
C57BL/10J,f,00068b1698,,764
C57BL/10J,f,00068b19f5,,300
C57BL/10J,f,00068b1f04,,902
C57BL/10J,m,00068af117,,868
C57BL/10J,m,00068af118,,887
C57BL/10J,m,00068b003c,,733
C57BL/10J,m,00068b0360,,741
C57BL/10J,m,00068b062a,,770
C57BL/10J,m,00068b0959,,785
C57BL/10J,m,00068b0a11,,824
C57BL/10J,m,00068b0c68,,727
C57BL/10J,m,00068b0f3b,,677
C57BL/10J,m,00068b129c,,369
C57BL/10J,m,00068b1583,,849
C57BL/10J,m,00068b1a3b,,852
C57BL/10J,m,00068b1c23,,642
C57BL/10J,m,00068b2027,,825
C57BL/10J,m,00068b2120,,671
C57BL/10J,m,00068b21b9,,917
C57BL/10J,m,00068b2611,,792
C57BL/10J,m,00068b26bc,,744
C57BL/10J,m,00068b2733,,733
C57BL/10J,m,196,,266
C57BL/10J,m,197,,818
C57BL/10J,m,198,,852
C57BL/10J,m,199,,278
C57BL/10J,m,200,,898
C57BL/10J,m,201,,936
C57BL/6J,f,00068AF373,,727
C57BL/6J,f,00068afd43,,1034
C57BL/6J,f,00068b0104,,748
C57BL/6J,f,00068b053c,,566
C57BL/6J,f,00068b05ca,,1049
C57BL/6J,f,00068b0bb4,,866
C57BL/6J,f,00068b0d6b,,908
C57BL/6J,f,00068b0eca,,866
C57BL/6J,f,00068b0f28,,922
C57BL/6J,f,00068b159b,,782
C57BL/6J,f,00068b1762,,952
C57BL/6J,f,00068b1818,,1020
C57BL/6J,f,00068b1b4f,,776
C57BL/6J,f,00068b1de2,,999
C57BL/6J,f,00068b247f,,539
C57BL/6J,f,00068b264e,,908
C57BL/6J,f,00068b26df,,772
C57BL/6J,f,00068b2752,,1049
C57BL/6J,f,00068b2797,,852
C57BL/6J,f,00068b2aa4,,838
C57BL/6J,f,00068cf32a,,1180
C57BL/6J,f,00068cfcc8,,999
C57BL/6J,f,00068d0566,,790
C57BL/6J,f,00068d2c22,,699
C57BL/6J,f,204,,272
C57BL/6J,f,205,,1049
C57BL/6J,f,206,,795
C57BL/6J,f,207,,859
C57BL/6J,f,208,,999
C57BL/6J,m,00068AFCAF,,945
C57BL/6J,m,00068AFFBC,,1052
C57BL/6J,m,00068B0729,,1049
C57BL/6J,m,00068B08C8,,971
C57BL/6J,m,00068B108C,,1140
C57BL/6J,m,00068B11BF,,741
C57BL/6J,m,00068B14B2,,1059
C57BL/6J,m,00068B1892,,922
C57BL/6J,m,00068af0ee,,895
C57BL/6J,m,00068af61c,,922
C57BL/6J,m,00068b00e5,,909
C57BL/6J,m,00068b06f9,,922
C57BL/6J,m,00068b154d,,1027
C57BL/6J,m,00068b2292,,712
C57BL/6J,m,00068b2371,,733
C57BL/6J,m,00068b257c,,736
C57BL/6J,m,00068ceded,,859
C57BL/6J,m,00068d0a0d,,826
C57BL/6J,m,00069a0372,,859
C57BL/6J,m,00069a046c,,761
C57BL/6J,m,00069a060e,,929
C57BL/6J,m,00069a0ca4,,706
C57BL/6J,m,00069a224d,,929
C57BL/6J,m,00069a2aba,,859
C57BL/6J,m,209,,706
C57BL/6J,m,210,,838
C57BL/6J,m,211,,973
C57BL/6J,m,212,,1037
C57BL/6J,m,213,,897
C57BL/6J,m,214,,901
C57BL/6J,m,215,,901
C57BL/6J,m,216,,901
C57BLKS/J,f,00068B036F,,301
C57BLKS/J,f,00068B0724,,915
C57BLKS/J,f,00068B0F9C,,833
C57BLKS/J,f,00068B1157,,916
C57BLKS/J,f,00068B1881,,279
C57BLKS/J,f,00068B27EF,,867
C57BLKS/J,f,00068D3533,,826
C57BLKS/J,f,00068D4258,,917
C57BLKS/J,f,00068af089,,754
C57BLKS/J,f,00068af285,,888
C57BLKS/J,f,00068af4ff,,853
C57BLKS/J,f,00068afab3,,873
C57BLKS/J,f,00068afe86,,867
C57BLKS/J,f,00068b0352,,926
C57BLKS/J,f,00068b0d03,,924
C57BLKS/J,f,00068b2071,,593
C57BLKS/J,f,00068b2582,,888
C57BLKS/J,f,00069a0352,,860
C57BLKS/J,f,00069a0555,,869
C57BLKS/J,f,00069a0965,,853
C57BLKS/J,f,00069a1990,,980
C57BLKS/J,f,00069a2045,,574
C57BLKS/J,f,00069a29ee,,874
C57BLKS/J,f,217,,523
C57BLKS/J,f,218,,545
C57BLKS/J,f,219,,677
C57BLKS/J,f,220,,713
C57BLKS/J,f,221,,672
C57BLKS/J,f,222,,987
C57BLKS/J,f,223,,518
C57BLKS/J,f,224,,272
C57BLKS/J,f,225,,312
C57BLKS/J,m,00068af5e3,,1006
C57BLKS/J,m,00068b0674,,889
C57BLKS/J,m,00068b08f2,,971
C57BLKS/J,m,00068b0e87,,798
C57BLKS/J,m,00068b148a,,764
C57BLKS/J,m,00068b155d,,964
C57BLKS/J,m,00068b1839,,1076
C57BLKS/J,m,00068b1ce0,,936
C57BLKS/J,m,00068b1df0,,932
C57BLKS/J,m,00068b21fa,,826
C57BLKS/J,m,00068b220b,,812
C57BLKS/J,m,00068b245e,,944
C57BLKS/J,m,00068b252b,,811
C57BLKS/J,m,00068b2580,,819
C57BLKS/J,m,00068b27bb,,881
C57BLKS/J,m,226,,378
C57BLKS/J,m,227,,762
C57BLKS/J,m,228,,891
C57BLKS/J,m,229,,891
C57BLKS/J,m,230,,747
C57BLKS/J,m,231,,770
C57BLKS/J,m,232,,810
C57BLKS/J,m,233,,812
C57BLKS/J,m,234,,663
C57BLKS/J,m,235,,770
C57BLKS/J,m,236,,860
C57BLKS/J,m,237,,938
C57BLKS/J,m,238,,742
C57BLKS/J,m,239,,784
C57BLKS/J,m,240,,863
C57BLKS/J,m,241,,874
C57BR/cdJ,f,00068CDAD3,,905
C57BR/cdJ,f,00068D05A7,,933
C57BR/cdJ,f,00068D190B,,918
C57BR/cdJ,f,00068D46BB,,732
C57BR/cdJ,f,00068af129,,861
C57BR/cdJ,f,00068af8b7,,890
C57BR/cdJ,f,00068af93e,,848
C57BR/cdJ,f,00068af98d,,374
C57BR/cdJ,f,00068af9af,,983
C57BR/cdJ,f,00068afb88,,869
C57BR/cdJ,f,00068afd6a,,792
C57BR/cdJ,f,00068afe3f,,704
C57BR/cdJ,f,00068b03e0,,1025
C57BR/cdJ,f,00068b09c0,,842
C57BR/cdJ,f,00068b0ea4,,987
C57BR/cdJ,f,00068b19ca,,757
C57BR/cdJ,f,00068b1b6b,,897
C57BR/cdJ,f,00068b216d,,899
C57BR/cdJ,f,00068b2624,,875
C57BR/cdJ,f,00068cd417,,877
C57BR/cdJ,f,00068cdbde,,980
C57BR/cdJ,f,00068ce096,,980
C57BR/cdJ,f,00068cf456,,582
C57BR/cdJ,f,00068d09fa,,905
C57BR/cdJ,f,242,,321
C57BR/cdJ,f,243,,321
C57BR/cdJ,f,244,,940
C57BR/cdJ,f,245,,792
C57BR/cdJ,f,246,,805
C57BR/cdJ,f,247,,912
C57BR/cdJ,f,248,,981
C57BR/cdJ,f,249,,301
C57BR/cdJ,m,00068B0BFC,,842
C57BR/cdJ,m,00068CD9D8,,946
C57BR/cdJ,m,00068CDB50,,820
C57BR/cdJ,m,00068CED44,,907
C57BR/cdJ,m,00068CEF78,,834
C57BR/cdJ,m,00068CFA66,,848
C57BR/cdJ,m,00068D0331,,681
C57BR/cdJ,m,00068D1DA1,,933
C57BR/cdJ,m,00068af200,,865
C57BR/cdJ,m,00068afebd,,905
C57BR/cdJ,m,00068afffd,,865
C57BR/cdJ,m,00068b0152,,527
C57BR/cdJ,m,00068b086c,,659
C57BR/cdJ,m,00068b14ab,,1011
C57BR/cdJ,m,00068b2080,,933
C57BR/cdJ,m,00068b2a55,,737
C57BR/cdJ,m,250,,642
C57BR/cdJ,m,251,,754
C57BR/cdJ,m,252,,846
C57BR/cdJ,m,253,,867
C57BR/cdJ,m,254,,777
C57BR/cdJ,m,255,,943
C57BR/cdJ,m,256,,943
C57BR/cdJ,m,257,,943
C57BR/cdJ,m,258,,540
C57BR/cdJ,m,259,,660
C57BR/cdJ,m,260,,728
C57BR/cdJ,m,261,,849
C57BR/cdJ,m,262,,716
C57BR/cdJ,m,263,,984
C57BR/cdJ,m,264,,995
C57BR/cdJ,m,265,,1081
C57L/J,f,00068AFDB4,,735
C57L/J,f,00068B074E,,743
C57L/J,f,00068CDFDB,,643
C57L/J,f,00068CEB08,,735
C57L/J,f,00068CED3E,,744
C57L/J,f,00068CF2B6,,744
C57L/J,f,00068CFB04,,693
C57L/J,f,00068D14A6,,782
C57L/J,f,00068c1701,,700
C57L/J,f,00068cd5e6,,791
C57L/J,f,00068cd9e4,,686
C57L/J,f,00068cdab1,,700
C57L/J,f,00068cddcf,,714
C57L/J,f,00068cdf11,,728
C57L/J,f,00068cdf36,,737
C57L/J,f,00068ce3ac,,733
C57L/J,f,00068ceadc,,791
C57L/J,f,00068cfa29,,721
C57L/J,f,00068cfca9,,658
C57L/J,f,00068cfea3,,707
C57L/J,f,00068d0699,,714
C57L/J,f,00068d27b5,,602
C57L/J,f,00068e41fc,,706
C57L/J,f,266,,355
C57L/J,f,267,,650
C57L/J,f,268,,721
C57L/J,f,269,,735
C57L/J,f,270,,742
C57L/J,f,271,,721
C57L/J,f,272,,755
C57L/J,f,273,,784
C57L/J,f,274,,834
C57L/J,m,00068D07F9,,749
C57L/J,m,00068D3832,,755
C57L/J,m,00068afd5b,,686
C57L/J,m,00068afe98,,736
C57L/J,m,00068b0ab6,,644
C57L/J,m,00068b2137,,477
C57L/J,m,00068b279d,,749
C57L/J,m,00068cd81a,,658
C57L/J,m,00068cd8d0,,812
C57L/J,m,00068cdab0,,723
C57L/J,m,00068ce08c,,784
C57L/J,m,00068ce442,,745
C57L/J,m,00068ce506,,582
C57L/J,m,00068ce64f,,538
C57L/J,m,00068cebdd,,559
C57L/J,m,00068cef7f,,768
C57L/J,m,00068cf428,,783
C57L/J,m,00068cf6ec,,433
C57L/J,m,00068cf9f3,,602
C57L/J,m,00068cfe70,,714
C57L/J,m,00068d07ef,,728
C57L/J,m,00068d0d17,,660
C57L/J,m,00068d28c9,,752
C57L/J,m,00068d3ef0,,812
C57L/J,m,275,,658
C57L/J,m,276,,763
C57L/J,m,277,,806
C57L/J,m,278,,839
C57L/J,m,279,,728
C57L/J,m,280,,728
C57L/J,m,281,,763
C57L/J,m,282,,775
CAST/EiJ,f,00068CD826,,674
CAST/EiJ,f,00068CE182,,747
CAST/EiJ,f,00068CE60A,,748
CAST/EiJ,f,00068CE810,,810
CAST/EiJ,f,00068CFC12,,567
CAST/EiJ,f,00068D210A,,854
CAST/EiJ,f,00068D2329,,516
CAST/EiJ,f,00068EDEA0,,389
CAST/EiJ,f,000699f8e2,,854
CAST/EiJ,f,000699ffbf,,671
CAST/EiJ,f,00069A1A9D,,475
CAST/EiJ,f,00069a2c9d,,763
CAST/EiJ,f,283,,560
CBA/J,f,00068B142C,,266
CBA/J,f,00068af51a,,644
CBA/J,f,00068af6a5,,841
CBA/J,f,00068af6ac,,848
CBA/J,f,00068afa88,,708
CBA/J,f,00068b0123,,659
CBA/J,f,00068b04f6,,325
CBA/J,f,00068b05b2,,637
CBA/J,f,00068b062f,,392
CBA/J,f,00068b0728,,532
CBA/J,f,00068b0bd3,,807
CBA/J,f,00068b0df9,,693
CBA/J,f,00068b13db,,589
CBA/J,f,00068b1746,,512
CBA/J,f,00068b19a6,,609
CBA/J,f,00068b1de9,,434
CBA/J,f,00068b1e4d,,382
CBA/J,f,00068b1fbf,,714
CBA/J,f,00068b2145,,848
CBA/J,f,00068b22e4,,596
CBA/J,f,00068b257a,,786
CBA/J,f,00068b2790,,626
CBA/J,f,00068b28f4,,777
CBA/J,f,00068b293e,,786
CBA/J,f,000699f5cf,,862
CBA/J,f,000699f9ba,,863
CBA/J,f,00069a18af,,756
CBA/J,f,288,,324
CBA/J,f,289,,434
CBA/J,f,290,,437
CBA/J,m,00068af3eb,,728
CBA/J,m,00068af618,,532
CBA/J,m,00068af621,,886
CBA/J,m,00068af72d,,393
CBA/J,m,00068affbd,,609
CBA/J,m,00068affcc,,871
CBA/J,m,00068b004d,,478
CBA/J,m,00068b00fb,,913
CBA/J,m,00068b02cf,,869
CBA/J,m,00068b03f3,,708
CBA/J,m,00068b0468,,750
CBA/J,m,00068b05bf,,560
CBA/J,m,00068b06a5,,387
CBA/J,m,00068b06bb,,332
CBA/J,m,00068b101f,,738
CBA/J,m,00068b11a6,,449
CBA/J,m,00068b11f4,,539
CBA/J,m,00068b1623,,701
CBA/J,m,00068b17c1,,820
CBA/J,m,00068b1933,,750
CBA/J,m,00068b1cfb,,577
CBA/J,m,00068b1e79,,379
CBA/J,m,00068b28db,,777
CBA/J,m,00068b29b3,,854
CBA/J,m,291,,477
CBA/J,m,292,,508
CBA/J,m,293,,616
CBA/J,m,294,,679
CBA/J,m,295,,540
CBA/J,m,296,,651
CBA/J,m,297,,808
CBA/J,m,298,,840
DBA/2J,f,00068B103C,,287
DBA/2J,f,00068B1E95,,295
DBA/2J,f,00068CD774,,456
DBA/2J,f,00068D0E8F,,785
DBA/2J,f,00068D1B42,,872
DBA/2J,f,00068D3033,,785
DBA/2J,f,00068D30C7,,635
DBA/2J,f,00068D4480,,665
DBA/2J,f,00068af106,,372
DBA/2J,f,00068af1c8,,829
DBA/2J,f,00068af1df,,337
DBA/2J,f,00068af411,,319
DBA/2J,f,00068af7e5,,827
DBA/2J,f,00068afaf3,,722
DBA/2J,f,00068afb73,,448
DBA/2J,f,00068afd71,,518
DBA/2J,f,00068b047e,,413
DBA/2J,f,00068b09a9,,680
DBA/2J,f,00068b0e90,,840
DBA/2J,f,00068b1862,,687
DBA/2J,f,00068b2303,,890
DBA/2J,f,00068b2778,,443
DBA/2J,f,00068d07b9,,518
DBA/2J,f,00068d1da0,,707
DBA/2J,f,000699fa35,,672
DBA/2J,f,00069a12de,,666
DBA/2J,f,00069a13e5,,917
DBA/2J,f,00069a2716,,847
DBA/2J,f,299,,260
DBA/2J,f,300,,260
DBA/2J,f,301,,290
DBA/2J,f,302,,324
DBA/2J,m,00068af28b,,525
DBA/2J,m,00068b03da,,410
DBA/2J,m,00068b09ed,,708
DBA/2J,m,00068b0eb0,,826
DBA/2J,m,00068b141f,,364
DBA/2J,m,00068b1beb,,724
DBA/2J,m,00068b2354,,339
DBA/2J,m,00068b2987,,826
DBA/2J,m,00068cdc48,,513
DBA/2J,m,00068ce238,,666
DBA/2J,m,00068cfb0d,,739
DBA/2J,m,00068cfd22,,666
DBA/2J,m,000699fa1d,,904
DBA/2J,m,000699fc25,,701
DBA/2J,m,00069A129E,,492
DBA/2J,m,00069a10e8,,745
DBA/2J,m,00069a15c5,,715
DBA/2J,m,00069a15cd,,759
DBA/2J,m,00069a15f2,,757
DBA/2J,m,00069a2112,,812
DBA/2J,m,00069a2460,,772
DBA/2J,m,00069a2504,,644
DBA/2J,m,303,,364
DBA/2J,m,304,,238
DBA/2J,m,305,,781
DBA/2J,m,306,,694
DBA/2J,m,307,,746
DBA/2J,m,308,,799
DBA/2J,m,309,,372
FVB/NJ,f,00068af08c,,812
FVB/NJ,f,00068afae6,,882
FVB/NJ,f,00068afb25,,652
FVB/NJ,f,00068afb74,,701
FVB/NJ,f,00068b0041,,388
FVB/NJ,f,00068b0c1b,,462
FVB/NJ,f,00068b0c77,,659
FVB/NJ,f,00068b1253,,966
FVB/NJ,f,00068b1396,,655
FVB/NJ,f,00068b14b6,,952
FVB/NJ,f,00068b1a8c,,595
FVB/NJ,f,00068b1db2,,944
FVB/NJ,f,00068b2732,,869
FVB/NJ,f,00068b299d,,1016
FVB/NJ,f,00068ce30d,,760
FVB/NJ,f,00068ce99d,,856
FVB/NJ,f,00068cf60f,,722
FVB/NJ,f,00068cfae3,,1016
FVB/NJ,f,00068d020a,,1071
FVB/NJ,f,00068d0eb0,,1101
FVB/NJ,f,00068d4303,,602
FVB/NJ,f,00069A1D3C,,794
FVB/NJ,f,00069A1DB8,,904
FVB/NJ,f,313,,378
FVB/NJ,f,314,,533
FVB/NJ,f,315,,218
FVB/NJ,m,00068B2486,,816
FVB/NJ,m,00068D0C81,,588
FVB/NJ,m,00068af281,,1079
FVB/NJ,m,00068aff29,,591
FVB/NJ,m,00068b051d,,665
FVB/NJ,m,00068b150a,,553
FVB/NJ,m,00068b287b,,415
FVB/NJ,m,00068b29d4,,652
FVB/NJ,m,00068ce052,,582
FVB/NJ,m,00069a04cb,,729
FVB/NJ,m,00069a050d,,598
FVB/NJ,m,00069a1458,,876
FVB/NJ,m,00069a17bc,,598
FVB/NJ,m,00069a1ea7,,588
FVB/NJ,m,00069a295d,,744
FVB/NJ,m,319,,253
FVB/NJ,m,320,,476
FVB/NJ,m,321,,553
FVB/NJ,m,322,,562
FVB/NJ,m,323,,693
FVB/NJ,m,324,,581
FVB/NJ,m,325,,708
FVB/NJ,m,326,,882
FVB/NJ,m,327,,386
KK/HlJ,f,00068af334,,482
KK/HlJ,f,00068af49a,,509
KK/HlJ,f,00068afe4a,,609
KK/HlJ,f,00068b00ed,,573
KK/HlJ,f,00068b07f0,,538
KK/HlJ,f,00068b08e1,,564
KK/HlJ,f,00068b0c94,,678
KK/HlJ,f,00068b1097,,671
KK/HlJ,f,00068b1cc1,,760
KK/HlJ,f,00068ced2c,,482
KK/HlJ,f,00068ceddd,,593
KK/HlJ,f,00068d042e,,614
KK/HlJ,f,00068d0875,,586
KK/HlJ,f,00068d2dea,,593
KK/HlJ,f,00068d3cf5,,366
KK/HlJ,f,00068d4a75,,849
KK/HlJ,f,00069a03bc,,567
KK/HlJ,f,00069a14ca,,643
KK/HlJ,f,00069a250a,,621
KK/HlJ,f,00069a2fd3,,607
KK/HlJ,f,329,,608
KK/HlJ,f,330,,650
KK/HlJ,f,331,,738
KK/HlJ,f,332,,487
KK/HlJ,f,333,,497
KK/HlJ,f,334,,567
KK/HlJ,f,335,,648
KK/HlJ,f,41,,419
KK/HlJ,f,42,,551
KK/HlJ,f,43,,607
KK/HlJ,f,44,,677
KK/HlJ,m,00068CD8AD,,616
KK/HlJ,m,00068CD987,,538
KK/HlJ,m,00068CE6FA,,700
KK/HlJ,m,00068CEA69,,857
KK/HlJ,m,00068D00AB,,762
KK/HlJ,m,00068D0963,,531
KK/HlJ,m,00068D0CBA,,469
KK/HlJ,m,00068D1E5F,,566
KK/HlJ,m,00068af154,,686
KK/HlJ,m,00068af52b,,714
KK/HlJ,m,00068b00c0,,1021
KK/HlJ,m,00068b00e4,,441
KK/HlJ,m,00068b0110,,693
KK/HlJ,m,00068b02e1,,672
KK/HlJ,m,00068b0709,,441
KK/HlJ,m,00068b09ce,,548
KK/HlJ,m,00068b0fa4,,693
KK/HlJ,m,00068b10ab,,650
KK/HlJ,m,00068b13ec,,720
KK/HlJ,m,00068b14b0,,532
KK/HlJ,m,00068b16de,,791
KK/HlJ,m,00068b17cc,,603
KK/HlJ,m,00068b1bcc,,603
KK/HlJ,m,00068b1c2e,,686
KK/HlJ,m,00068b2a68,,478
KK/HlJ,m,00068cfd5a,,806
KK/HlJ,m,00068d2a26,,670
KK/HlJ,m,00068d3bbc,,365
KK/HlJ,m,337,,539
KK/HlJ,m,338,,607
KK/HlJ,m,339,,607
KK/HlJ,m,340,,720
LP/J,f,00068B006F,,815
LP/J,f,00068B0363,,815
LP/J,f,00068B094E,,850
LP/J,f,00068B0E32,,666
LP/J,f,00068B14F7,,766
LP/J,f,00068B1AFF,,722
LP/J,f,00068B1EEB,,450
LP/J,f,00068b19a5,,1113
LP/J,f,00068cdb34,,1059
LP/J,f,00068cea71,,750
LP/J,f,00068cf0d4,,715
LP/J,f,00068cf39f,,835
LP/J,f,00068d03c8,,966
LP/J,f,00068d1357,,532
LP/J,f,00068d1390,,974
LP/J,f,00068d2091,,800
LP/J,f,00068d29c2,,630
LP/J,f,00068d2d54,,1010
LP/J,f,00068d3606,,778
LP/J,f,00068d3629,,1043
LP/J,f,00069a0ae7,,973
LP/J,f,00069a1961,,700
LP/J,f,00069a2746,,665
LP/J,f,00069a2a49,,912
LP/J,f,341,,239
LP/J,f,45,,721
LP/J,f,46,,840
LP/J,f,47,,1043
LP/J,f,48,,764
LP/J,f,49,,875
LP/J,f,50,,946
LP/J,m,00068B2AD2,,756
LP/J,m,00068af45c,,788
LP/J,m,00068af5fc,,800
LP/J,m,00068af905,,630
LP/J,m,00068afae1,,619
LP/J,m,00068afe37,,862
LP/J,m,00068b00df,,750
LP/J,m,00068b065f,,979
LP/J,m,00068b0661,,829
LP/J,m,00068b06bd,,959
LP/J,m,00068b0b4d,,947
LP/J,m,00068b0e5b,,966
LP/J,m,00068b1153,,830
LP/J,m,00068b13ea,,798
LP/J,m,00068b148b,,700
LP/J,m,00068b18f7,,700
LP/J,m,00068b1b1e,,723
LP/J,m,00068b1fc5,,862
LP/J,m,00068b24d4,,933
LP/J,m,00068b259e,,577
LP/J,m,00068b2820,,828
LP/J,m,00068b2948,,837
LP/J,m,00068b2984,,834
LP/J,m,00068b2adf,,721
LP/J,m,343,,707
LP/J,m,344,,822
LP/J,m,345,,822
LP/J,m,346,,1121
LP/J,m,347,,700
LP/J,m,348,,721
LP/J,m,349,,808
LP/J,m,350,,855
MOLF/EiJ,f,00069805a7,,650
MOLF/EiJ,f,00069806a1,,347
MOLF/EiJ,f,000698070b,,448
MOLF/EiJ,f,000698074c,,720
MOLF/EiJ,f,00069809fd,,682
MOLF/EiJ,f,0006980a08,,426
MOLF/EiJ,f,00069894b9,,720
MOLF/EiJ,f,000698ad9e,,426
MOLF/EiJ,f,000698b204,,854
MOLF/EiJ,f,000698bd0e,,567
MOLF/EiJ,f,0006CA20C8,,967
MOLF/EiJ,f,0006CA2380,,967
MOLF/EiJ,f,0006CA2388,,603
MOLF/EiJ,f,0006CA2E46,,469
MOLF/EiJ,f,0006CA2EE0,,940
MOLF/EiJ,f,0006CA3C10,,707
MOLF/EiJ,f,0006CA3C93,,774
MOLF/EiJ,f,0006CA4289,,729
MOLF/EiJ,f,0006CA48F8,,799
MOLF/EiJ,f,0006CA48FC,,560
MOLF/EiJ,f,0006CA4E81,,933
MOLF/EiJ,f,0006CA4EFE,,818
MOLF/EiJ,f,0006CA5DF7,,477
MOLF/EiJ,f,0006CA5E46,,590
MOLF/EiJ,f,0006CA6222,,926
MOLF/EiJ,f,0006CA6232,,610
MOLF/EiJ,f,0006CA68E5,,590
MOLF/EiJ,f,0006CA78B2,,707
MOLF/EiJ,f,0006CA7D82,,736
MOLF/EiJ,f,6980192,,598
MOLF/EiJ,f,6980427,,672
MOLF/EiJ,f,6980570,,784
MRL/MpJ,f,00068CD5C0,,401
MRL/MpJ,f,00068CD7FF,,659
MRL/MpJ,f,00068CDBE2,,668
MRL/MpJ,f,00068CE2DC,,652
MRL/MpJ,f,00068CE907,,567
MRL/MpJ,f,00068CF9B0,,557
MRL/MpJ,f,00068D0794,,652
MRL/MpJ,f,00068D19DA,,624
MRL/MpJ,f,00068af786,,529
MRL/MpJ,f,00068afd8c,,659
MRL/MpJ,f,00068afde9,,749
MRL/MpJ,f,00068b01db,,517
MRL/MpJ,f,00068b0868,,421
MRL/MpJ,f,00068b0a55,,640
MRL/MpJ,f,00068b0e1f,,554
MRL/MpJ,f,00068b14c4,,631
MRL/MpJ,f,00068b15be,,525
MRL/MpJ,f,00068b1d39,,603
MRL/MpJ,f,00068b1d7f,,554
MRL/MpJ,f,00068b21c2,,452
MRL/MpJ,f,00068b21d1,,385
MRL/MpJ,f,00068b23ff,,686
MRL/MpJ,f,00068b2465,,329
MRL/MpJ,f,00068b2937,,525
MRL/MpJ,f,351,,409
MRL/MpJ,f,352,,582
MRL/MpJ,f,353,,582
MRL/MpJ,f,354,,400
MRL/MpJ,f,355,,400
MRL/MpJ,f,51,,400
MRL/MpJ,m,00068CE339,,631
MRL/MpJ,m,00068CEBC1,,609
MRL/MpJ,m,00068CF2AD,,647
MRL/MpJ,m,00068CFA47,,651
MRL/MpJ,m,00068CFB9E,,620
MRL/MpJ,m,00068D04BF,,645
MRL/MpJ,m,00068D09C6,,645
MRL/MpJ,m,00068D3CB0,,449
MRL/MpJ,m,00068af174,,718
MRL/MpJ,m,00068af982,,736
MRL/MpJ,m,00068afb99,,708
MRL/MpJ,m,00068b123a,,633
MRL/MpJ,m,00068b17fc,,633
MRL/MpJ,m,00068b1e19,,690
MRL/MpJ,m,00068b262c,,736
MRL/MpJ,m,00068b27a2,,567
MRL/MpJ,m,00068ce861,,669
MRL/MpJ,m,00068d0514,,665
MRL/MpJ,m,357,,266
MRL/MpJ,m,358,,476
MRL/MpJ,m,359,,680
MRL/MpJ,m,360,,680
MRL/MpJ,m,361,,293
MRL/MpJ,m,362,,651
MRL/MpJ,m,363,,651
MRL/MpJ,m,364,,666
MRL/MpJ,m,365,,259
MRL/MpJ,m,366,,464
MRL/MpJ,m,367,,527
MRL/MpJ,m,368,,557
MRL/MpJ,m,369,,415
MRL/MpJ,m,370,,549
NOD.B10Sn-H2<b>/J,f,000699f96d,,646
NOD.B10Sn-H2<b>/J,f,000699fadd,,599
NOD.B10Sn-H2<b>/J,f,000699fd7a,,748
NOD.B10Sn-H2<b>/J,f,00069A249A,,377
NOD.B10Sn-H2<b>/J,f,00069a03f0,,809
NOD.B10Sn-H2<b>/J,f,00069a04d8,,642
NOD.B10Sn-H2<b>/J,f,00069a06d4,,851
NOD.B10Sn-H2<b>/J,f,00069a0d3f,,662
NOD.B10Sn-H2<b>/J,f,00069a104f,,660
NOD.B10Sn-H2<b>/J,f,00069a159c,,793
NOD.B10Sn-H2<b>/J,f,00069a15d6,,752
NOD.B10Sn-H2<b>/J,f,00069a1789,,740
NOD.B10Sn-H2<b>/J,f,00069a22a3,,528
NOD.B10Sn-H2<b>/J,f,00069a2383,,702
NOD.B10Sn-H2<b>/J,f,00069a247f,,654
NOD.B10Sn-H2<b>/J,f,00069a2488,,529
NOD.B10Sn-H2<b>/J,f,00069a298e,,486
NOD.B10Sn-H2<b>/J,f,371,,335
NOD.B10Sn-H2<b>/J,f,372,,732
NOD.B10Sn-H2<b>/J,f,373,,782
NOD.B10Sn-H2<b>/J,f,374,,861
NOD.B10Sn-H2<b>/J,f,375,,648
NOD.B10Sn-H2<b>/J,f,376,,696
NOD.B10Sn-H2<b>/J,f,377,,788
NOD.B10Sn-H2<b>/J,f,378,,814
NOD.B10Sn-H2<b>/J,f,379,,317
NOD.B10Sn-H2<b>/J,f,380,,556
NOD.B10Sn-H2<b>/J,f,381,,669
NOD.B10Sn-H2<b>/J,f,382,,758
NOD.B10Sn-H2<b>/J,f,383,,311
NOD.B10Sn-H2<b>/J,m,000699f917,,630
NOD.B10Sn-H2<b>/J,m,000699f9c5,,647
NOD.B10Sn-H2<b>/J,m,00069a0465,,878
NOD.B10Sn-H2<b>/J,m,00069a048f,,725
NOD.B10Sn-H2<b>/J,m,00069a0b8f,,850
NOD.B10Sn-H2<b>/J,m,00069a0e15,,653
NOD.B10Sn-H2<b>/J,m,00069a0f3d,,556
NOD.B10Sn-H2<b>/J,m,00069a0fef,,954
NOD.B10Sn-H2<b>/J,m,00069a11ee,,983
NOD.B10Sn-H2<b>/J,m,00069a1459,,597
NOD.B10Sn-H2<b>/J,m,00069a14b8,,700
NOD.B10Sn-H2<b>/J,m,00069a1947,,960
NOD.B10Sn-H2<b>/J,m,00069a1b05,,480
NOD.B10Sn-H2<b>/J,m,00069a1c5b,,773
NOD.B10Sn-H2<b>/J,m,00069a1ef4,,780
NOD.B10Sn-H2<b>/J,m,00069a2495,,501
NOD.B10Sn-H2<b>/J,m,00069a2942,,905
NOD.B10Sn-H2<b>/J,m,00069a2ad4,,696
NOD.B10Sn-H2<b>/J,m,00069a2ce6,,759
NOD.B10Sn-H2<b>/J,m,00069a2e88,,524
NOD.B10Sn-H2<b>/J,m,00069a30c8,,550
NOD.B10Sn-H2<b>/J,m,386,,395
NOD.B10Sn-H2<b>/J,m,387,,487
NOD.B10Sn-H2<b>/J,m,388,,922
NOD.B10Sn-H2<b>/J,m,389,,979
NOD.B10Sn-H2<b>/J,m,390,,323
NOD.B10Sn-H2<b>/J,m,391,,327
NOD.B10Sn-H2<b>/J,m,392,,364
NOD.B10Sn-H2<b>/J,m,393,,748
NOD.B10Sn-H2<b>/J,m,394,,926
NON/ShiLtJ,f,00068af906,,862
NON/ShiLtJ,f,00068afc77,,665
NON/ShiLtJ,f,00068afd06,,869
NON/ShiLtJ,f,00068afd2f,,623
NON/ShiLtJ,f,00068b0159,,750
NON/ShiLtJ,f,00068b01c6,,848
NON/ShiLtJ,f,00068b041c,,750
NON/ShiLtJ,f,00068b05c1,,847
NON/ShiLtJ,f,00068b0681,,840
NON/ShiLtJ,f,00068b06ae,,599
NON/ShiLtJ,f,00068b0a1b,,745
NON/ShiLtJ,f,00068b0bc5,,561
NON/ShiLtJ,f,00068b0ef6,,504
NON/ShiLtJ,f,00068b0f56,,764
NON/ShiLtJ,f,00068b12a5,,906
NON/ShiLtJ,f,00068b134e,,665
NON/ShiLtJ,f,00068b16ad,,869
NON/ShiLtJ,f,00068b1a5f,,631
NON/ShiLtJ,f,00068b225a,,588
NON/ShiLtJ,f,00068b2344,,603
NON/ShiLtJ,f,00068b2ae1,,610
NON/ShiLtJ,f,395,,574
NON/ShiLtJ,f,396,,651
NON/ShiLtJ,f,397,,757
NON/ShiLtJ,f,398,,833
NON/ShiLtJ,f,399,,819
NON/ShiLtJ,f,400,,819
NON/ShiLtJ,f,401,,819
NON/ShiLtJ,f,402,,819
NON/ShiLtJ,f,403,,870
NON/ShiLtJ,f,404,,295
NON/ShiLtJ,m,00068af3b5,,863
NON/ShiLtJ,m,00068af764,,910
NON/ShiLtJ,m,00068af7e9,,905
NON/ShiLtJ,m,00068af8b6,,924
NON/ShiLtJ,m,00068afb13,,569
NON/ShiLtJ,m,00068afd93,,987
NON/ShiLtJ,m,00068afef0,,707
NON/ShiLtJ,m,00068b0671,,862
NON/ShiLtJ,m,00068b06a6,,837
NON/ShiLtJ,m,00068b0f85,,840
NON/ShiLtJ,m,00068b1063,,919
NON/ShiLtJ,m,00068b1267,,765
NON/ShiLtJ,m,00068b15c8,,693
NON/ShiLtJ,m,00068b1697,,842
NON/ShiLtJ,m,00068b1a9f,,779
NON/ShiLtJ,m,00068b1ded,,806
NON/ShiLtJ,m,00068b1def,,919
NON/ShiLtJ,m,00068b2223,,980
NON/ShiLtJ,m,00068b224d,,898
NON/ShiLtJ,m,00068b24cd,,973
NON/ShiLtJ,m,00068b25f9,,953
NON/ShiLtJ,m,00068b2835,,667
NON/ShiLtJ,m,00068b29f4,,930
NON/ShiLtJ,m,405,,274
NON/ShiLtJ,m,406,,611
NON/ShiLtJ,m,407,,806
NON/ShiLtJ,m,408,,897
NON/ShiLtJ,m,409,,904
NON/ShiLtJ,m,410,,793
NON/ShiLtJ,m,411,,799
NON/ShiLtJ,m,412,,813
NON/ShiLtJ,m,413,,847
NZO/HlLtJ,f,00068AFF42,,302
NZO/HlLtJ,f,00068B0D28,,418
NZO/HlLtJ,f,00068B13C4,,217
NZO/HlLtJ,f,00068CEF36,,686
NZO/HlLtJ,f,00068D30D2,,400
NZO/HlLtJ,f,00068af83f,,687
NZO/HlLtJ,f,00068af8bf,,805
NZO/HlLtJ,f,00068afe33,,667
NZO/HlLtJ,f,00068b0527,,918
NZO/HlLtJ,f,00068b0662,,680
NZO/HlLtJ,f,00068b06f5,,405
NZO/HlLtJ,f,00068b0932,,533
NZO/HlLtJ,f,00068b09b6,,485
NZO/HlLtJ,f,00068b0b68,,757
NZO/HlLtJ,f,00068b0db5,,427
NZO/HlLtJ,f,00068b1467,,757
NZO/HlLtJ,f,00068b1a43,,783
NZO/HlLtJ,f,00068b2001,,631
NZO/HlLtJ,f,00068b2557,,682
NZO/HlLtJ,f,00068b26c4,,336
NZO/HlLtJ,f,00068b26f1,,659
NZO/HlLtJ,f,00068d0590,,561
NZO/HlLtJ,f,00068d278d,,700
NZO/HlLtJ,f,000699f5af,,708
NZO/HlLtJ,f,000699fd1f,,694
NZO/HlLtJ,f,414,,386
NZO/HlLtJ,f,415,,323
NZO/HlLtJ,f,416,,476
NZO/HlLtJ,f,417,,576
NZO/HlLtJ,f,418,,244
NZO/HlLtJ,f,419,,301
NZO/HlLtJ,f,420,,329
NZO/HlLtJ,m,00068CDAF8,,423
NZO/HlLtJ,m,00068CE07C,,499
NZO/HlLtJ,m,00068D097F,,386
NZO/HlLtJ,m,00068b071e,,855
NZO/HlLtJ,m,00068b09c2,,568
NZO/HlLtJ,m,00068b2653,,741
NZO/HlLtJ,m,00068b2799,,511
NZO/HlLtJ,m,00068b2b93,,598
NZO/HlLtJ,m,00068cf123,,701
NZO/HlLtJ,m,00068d01fc,,477
NZO/HlLtJ,m,00068d08d7,,637
NZO/HlLtJ,m,00068d1a2d,,818
NZO/HlLtJ,m,00068d4c05,,700
NZO/HlLtJ,m,00069A283A,,756
NZO/HlLtJ,m,421,,467
NZO/HlLtJ,m,422,,617
NZO/HlLtJ,m,423,,637
NZO/HlLtJ,m,424,,223
NZO/HlLtJ,m,425,,243
NZO/HlLtJ,m,426,,258
NZO/HlLtJ,m,427,,315
NZO/HlLtJ,m,428,,405
NZO/HlLtJ,m,429,,230
NZO/HlLtJ,m,430,,380
NZO/HlLtJ,m,431,,219
NZO/HlLtJ,m,432,,223
NZO/HlLtJ,m,433,,280
NZO/HlLtJ,m,434,,358
NZO/HlLtJ,m,68AFEDA,,286
NZO/HlLtJ,m,68B10CF,,286
NZO/HlLtJ,m,68B2B9F,,248
NZW/LacJ,f,00068af2f1,,691
NZW/LacJ,f,00068af715,,747
NZW/LacJ,f,00068af752,,564
NZW/LacJ,f,00068af84c,,915
NZW/LacJ,f,00068af9d4,,825
NZW/LacJ,f,00068aff83,,866
NZW/LacJ,f,00068b02bf,,1006
NZW/LacJ,f,00068b0481,,698
NZW/LacJ,f,00068b0626,,732
NZW/LacJ,f,00068b0e98,,460
NZW/LacJ,f,00068b0f4e,,727
NZW/LacJ,f,00068b1092,,984
NZW/LacJ,f,00068b1247,,512
NZW/LacJ,f,00068b14df,,698
NZW/LacJ,f,00068b1597,,727
NZW/LacJ,f,00068b18f3,,916
NZW/LacJ,f,00068b1c88,,525
NZW/LacJ,f,00068b1e48,,572
NZW/LacJ,f,00068b2402,,782
NZW/LacJ,f,00068b2927,,558
NZW/LacJ,f,00068b2945,,775
NZW/LacJ,f,00068cd5f1,,813
NZW/LacJ,f,00068cf7e4,,880
NZW/LacJ,f,00068cfa3e,,747
NZW/LacJ,f,435,,593
NZW/LacJ,f,436,,614
NZW/LacJ,f,437,,674
NZW/LacJ,f,438,,817
NZW/LacJ,f,439,,560
NZW/LacJ,f,440,,617
NZW/LacJ,f,441,,845
NZW/LacJ,f,442,,915
NZW/LacJ,m,00066673c5,,1153
NZW/LacJ,m,00068af1a1,,992
NZW/LacJ,m,00068af8db,,1043
NZW/LacJ,m,00068afc21,,824
NZW/LacJ,m,00068afccc,,642
NZW/LacJ,m,00068afe52,,678
NZW/LacJ,m,00068affbb,,1152
NZW/LacJ,m,00068b0111,,978
NZW/LacJ,m,00068b0537,,509
NZW/LacJ,m,00068b0874,,375
NZW/LacJ,m,00068b0ae3,,887
NZW/LacJ,m,00068b11ca,,790
NZW/LacJ,m,00068b15e3,,607
NZW/LacJ,m,00068b15e5,,746
NZW/LacJ,m,00068b190a,,711
NZW/LacJ,m,00068b2099,,769
NZW/LacJ,m,00068b26c6,,416
NZW/LacJ,m,00068b28bf,,1084
NZW/LacJ,m,00068b2bd2,,445
NZW/LacJ,m,00068cd8d9,,1083
NZW/LacJ,m,00068ce345,,824
NZW/LacJ,m,00068cf88f,,1145
NZW/LacJ,m,00068cfdfd,,1139
NZW/LacJ,m,00068d0a5f,,739
NZW/LacJ,m,00068d1391,,956
NZW/LacJ,m,00068d22f7,,977
NZW/LacJ,m,000699fcf3,,1013
NZW/LacJ,m,00069a1fb6,,593
NZW/LacJ,m,00069a2f47,,586
NZW/LacJ,m,443,,553
NZW/LacJ,m,444,,695
NZW/LacJ,m,445,,547
P/J,f,00068CFC16,,645
P/J,f,00068cd7c7,,693
P/J,f,00068cdE86,,394
P/J,f,00068cdc73,,679
P/J,f,00068cdd62,,713
P/J,f,00068cdffd,,560
P/J,f,00068ce1f5,,653
P/J,f,00068cf655,,792
P/J,f,00068cf989,,547
P/J,f,00068d05c1,,720
P/J,f,00068d0c54,,849
P/J,f,00068d17ae,,665
P/J,f,00068d3080,,623
P/J,f,00068d3343,,861
P/J,f,00068d4158,,948
P/J,f,000699F8FE,,513
P/J,f,00069A091E,,416
P/J,f,00069A1C2E,,611
P/J,f,00069A2FE9,,378
P/J,f,446,,301
P/J,f,447,,728
P/J,f,448,,741
P/J,f,449,,936
P/J,f,450,,984
P/J,f,451,,475
P/J,f,452,,559
P/J,f,453,,811
P/J,f,454,,846
P/J,f,455,,477
P/J,f,456,,801
P/J,f,457,,814
P/J,f,458,,898
PL/J,f,00068B015D,,702
PL/J,f,00068B0842,,333
PL/J,f,00068CE9B5,,400
PL/J,f,00068CF32D,,512
PL/J,f,00068CF38A,,477
PL/J,f,00068D03CD,,498
PL/J,f,00068D21DE,,435
PL/J,f,00068afb17,,674
PL/J,f,00068b013c,,386
PL/J,f,00068b0b05,,386
PL/J,f,00068b0fc6,,520
PL/J,f,00068b10e4,,386
PL/J,f,00068b1513,,386
PL/J,f,00068b24a1,,455
PL/J,f,00068b26c9,,333
PL/J,f,00068d35d8,,736
PL/J,f,459,,373
PL/J,f,460,,400
PL/J,f,461,,674
PL/J,f,462,,409
PL/J,f,463,,520
PL/J,f,464,,315
PL/J,f,465,,407
PL/J,f,466,,527
PL/J,f,467,,640
PL/J,f,468,,351
PL/J,f,469,,387
PL/J,f,470,,520
PL/J,f,471,,750
PL/J,f,472,,218
PL/J,f,473,,329
PL/J,f,474,,345
PL/J,m,00068AF4E4,,499
PL/J,m,00068AFF98,,499
PL/J,m,00068B0CB1,,702
PL/J,m,00068B0F08,,680
PL/J,m,00068B26C2,,687
PL/J,m,00068CFACA,,563
PL/J,m,00068CFEF3,,506
PL/J,m,00068af99e,,372
PL/J,m,00068afa9d,,395
PL/J,m,00068b0af5,,373
PL/J,m,00068cdf3c,,555
PL/J,m,475,,360
PL/J,m,476,,538
PL/J,m,477,,592
PL/J,m,478,,730
PL/J,m,479,,295
PL/J,m,480,,295
PL/J,m,481,,365
PL/J,m,482,,534
PL/J,m,483,,427
PL/J,m,484,,456
PL/J,m,485,,359
PL/J,m,486,,365
PL/J,m,487,,245
PL/J,m,488,,365
PL/J,m,489,,543
PL/J,m,490,,558
PL/J,m,491,,653
PL/J,m,492,,343
PL/J,m,493,,351
PL/J,m,494,,393
PL/J,m,495,,469
PWD/PhJ,f,00068afcfb,,836
PWD/PhJ,f,00068b0566,,967
PWD/PhJ,f,00068b05c0,,991
PWD/PhJ,f,00068b0af6,,776
PWD/PhJ,f,00068b0bdd,,921
PWD/PhJ,f,00068b0df3,,434
PWD/PhJ,f,00068b0f0f,,991
PWD/PhJ,f,00068b121e,,697
PWD/PhJ,f,00068b12f3,,1071
PWD/PhJ,f,00068b15b8,,921
PWD/PhJ,f,00068b1b91,,839
PWD/PhJ,f,00068b1bc7,,600
PWD/PhJ,f,00068b1d37,,577
PWD/PhJ,f,00068b1d87,,705
PWD/PhJ,f,00068b1dfa,,967
PWD/PhJ,f,00068b22f8,,549
PWD/PhJ,f,00068cdedb,,903
PWD/PhJ,f,00068ce75f,,854
PWD/PhJ,f,00068ceab4,,929
PWD/PhJ,f,00068cf054,,854
PWD/PhJ,f,00068cf842,,443
PWD/PhJ,f,00068cfc09,,952
PWD/PhJ,f,00068d0217,,679
PWD/PhJ,f,00068d32b8,,550
PWD/PhJ,f,496,,667
PWD/PhJ,f,497,,866
PWD/PhJ,f,498,,866
PWD/PhJ,f,499,,876
PWD/PhJ,f,500,,768
PWD/PhJ,f,501,,956
PWD/PhJ,f,502,,1002
PWD/PhJ,m,00068B095F,,818
PWD/PhJ,m,00068af292,,905
PWD/PhJ,m,00068af2c2,,776
PWD/PhJ,m,00068afc57,,515
PWD/PhJ,m,00068b06bc,,457
PWD/PhJ,m,00068b0821,,964
PWD/PhJ,m,00068b102c,,947
PWD/PhJ,m,00068b104a,,847
PWD/PhJ,m,00068b2664,,902
PWD/PhJ,m,00068b29a0,,747
PWD/PhJ,m,00068b2c19,,950
PWD/PhJ,m,00068ce94d,,1012
PWD/PhJ,m,00068cf5b7,,798
PWD/PhJ,m,00068cfab6,,578
PWD/PhJ,m,00068cfc4d,,575
PWD/PhJ,m,00068d0fd5,,800
PWD/PhJ,m,00068d3980,,930
PWD/PhJ,m,000699fb57,,830
PWD/PhJ,m,000699fc50,,816
PWD/PhJ,m,00069a1655,,813
PWD/PhJ,m,00069a1a24,,932
PWD/PhJ,m,00069a2bf6,,901
PWD/PhJ,m,504,,205
PWD/PhJ,m,505,,348
PWD/PhJ,m,506,,216
RIIIS/J,f,00068af43e,,575
RIIIS/J,f,00068afb0d,,780
RIIIS/J,f,00068b01b2,,863
RIIIS/J,f,00068b0244,,841
RIIIS/J,f,00068b0e6e,,842
RIIIS/J,f,00068b148c,,785
RIIIS/J,f,00068b21af,,820
RIIIS/J,f,00068b237a,,793
RIIIS/J,f,00068b25f5,,676
RIIIS/J,f,00068b262f,,735
RIIIS/J,f,00068b291f,,958
RIIIS/J,f,00068cd627,,735
RIIIS/J,f,00068cf4fa,,857
RIIIS/J,f,00068cf909,,841
RIIIS/J,f,00068cfda6,,872
RIIIS/J,f,00068cfec2,,716
RIIIS/J,f,00068d026d,,666
RIIIS/J,f,00068d04d1,,891
RIIIS/J,f,00068d3425,,596
RIIIS/J,f,509,,686
RIIIS/J,f,510,,713
RIIIS/J,f,511,,922
RIIIS/J,f,512,,924
RIIIS/J,f,513,,755
RIIIS/J,f,514,,845
RIIIS/J,f,515,,936
RIIIS/J,f,516,,960
RIIIS/J,f,517,,536
RIIIS/J,f,518,,691
RIIIS/J,f,519,,756
RIIIS/J,f,520,,790
RIIIS/J,f,521,,795
RIIIS/J,m,00068af20f,,765
RIIIS/J,m,00068af650,,799
RIIIS/J,m,00068af818,,814
RIIIS/J,m,00068afbb8,,926
RIIIS/J,m,00068afe70,,751
RIIIS/J,m,00068b07e3,,596
RIIIS/J,m,00068b094b,,972
RIIIS/J,m,00068b0d23,,826
RIIIS/J,m,00068b136d,,834
RIIIS/J,m,00068b146c,,691
RIIIS/J,m,00068b16a8,,946
RIIIS/J,m,00068b188a,,909
RIIIS/J,m,00068b1920,,946
RIIIS/J,m,00068b1a4d,,1022
RIIIS/J,m,00068b1ab3,,799
RIIIS/J,m,00068b1ab6,,982
RIIIS/J,m,00068b1b58,,940
RIIIS/J,m,00068b1c99,,940
RIIIS/J,m,00068b1eab,,941
RIIIS/J,m,00068b2074,,905
RIIIS/J,m,00068b21ae,,903
RIIIS/J,m,00068b23d5,,933
RIIIS/J,m,00068b24e1,,905
RIIIS/J,m,00068b2976,,735
RIIIS/J,m,00068b2b56,,625
RIIIS/J,m,00068cd5ad,,886
RIIIS/J,m,00068cdf1f,,742
RIIIS/J,m,00068d0b28,,807
RIIIS/J,m,00068d0f07,,779
RIIIS/J,m,00068d0fca,,695
RIIIS/J,m,00068d12da,,827
RIIIS/J,m,00068d1383,,954
SJL/J,f,00068AFEBA,,522
SJL/J,f,00068B00D5,,834
SJL/J,f,00068B0499,,795
SJL/J,f,00068B05B5,,499
SJL/J,f,00068B0882,,351
SJL/J,f,00068B0A8F,,549
SJL/J,f,00068B0D78,,323
SJL/J,f,00068B1225,,449
SJL/J,f,00068B1385,,378
SJL/J,f,00068B1769,,330
SJL/J,f,00068B1DA5,,476
SJL/J,f,00068B208A,,403
SJL/J,f,00068B2259,,603
SJL/J,f,00068D3DEE,,540
SJL/J,f,00068b0f0d,,504
SJL/J,f,522,,284
SJL/J,f,523,,560
SJL/J,f,524,,287
SJL/J,f,525,,393
SJL/J,f,526,,438
SJL/J,f,527,,651
SJL/J,f,528,,602
SJL/J,f,529,,615
SJL/J,f,530,,637
SJL/J,f,531,,822
SJL/J,f,532,,351
SJL/J,f,533,,428
SJL/J,f,534,,436
SJL/J,f,58,,367
SJL/J,f,68AF09D,,266
SJL/J,m,00068D153A,,483
SJL/J,m,00068b089a,,574
SJL/J,m,00068b14af,,512
SJL/J,m,00068b1658,,505
SJL/J,m,00068b2527,,371
SJL/J,m,00068d430c,,568
SJL/J,m,000699FA67,,470
SJL/J,m,00069A0028,,514
SJL/J,m,00069a1251,,708
SJL/J,m,00069a1c50,,555
SJL/J,m,00069a2c93,,669
SJL/J,m,00069a2cfc,,590
SJL/J,m,535,,227
SJL/J,m,536,,519
SJL/J,m,537,,392
SM/J,f,00068af383,,786
SM/J,f,00068af5a1,,758
SM/J,f,00068af7df,,484
SM/J,f,00068afe67,,759
SM/J,f,00068b0464,,457
SM/J,f,00068b07b8,,920
SM/J,f,00068b1028,,737
SM/J,f,00068b14a6,,1023
SM/J,f,00068b14ba,,458
SM/J,f,00068b1688,,842
SM/J,f,00068b192b,,729
SM/J,f,00068b1a77,,715
SM/J,f,00068b1c21,,786
SM/J,f,00068b1ca2,,932
SM/J,f,00068b20d9,,496
SM/J,f,00068b2299,,748
SM/J,f,00068b24a7,,826
SM/J,f,00068b25e5,,667
SM/J,f,00068b26bd,,786
SM/J,f,00068b2710,,764
SM/J,f,00068c270c,,764
SM/J,f,00068cddf8,,733
SM/J,f,00068ceae8,,748
SM/J,f,00068cf22f,,712
SM/J,f,00068cf4f2,,860
SM/J,f,00068d0126,,791
SM/J,f,00068d0357,,650
SM/J,f,00068d3b73,,956
SM/J,f,00068d4b93,,692
SM/J,f,00069a1457,,689
SM/J,f,00069a274a,,759
SM/J,f,539,,398
SM/J,m,00068AF9C5,,757
SM/J,m,00068AFEFF,,847
SM/J,m,00068B052D,,523
SM/J,m,00068B0774,,730
SM/J,m,00068B16A1,,868
SM/J,m,00068B18C8,,691
SM/J,m,00068B1F40,,523
SM/J,m,00068B2105,,800
SM/J,m,00068cd711,,783
SM/J,m,00068cd755,,804
SM/J,m,00068cdae0,,832
SM/J,m,00068ce37e,,755
SM/J,m,00068ce862,,741
SM/J,m,00068ce9a3,,670
SM/J,m,00068ceaa6,,798
SM/J,m,00068cf8c7,,875
SM/J,m,00068cfa36,,798
SM/J,m,00068cfef1,,825
SM/J,m,00068d2a67,,833
SM/J,m,00068d31de,,818
SM/J,m,00068d396e,,783
SM/J,m,000699f592,,881
SM/J,m,00069a05ac,,775
SM/J,m,00069a09a3,,770
SM/J,m,00069a0e8f,,867
SM/J,m,00069a17b1,,896
SM/J,m,00069a2dac,,853
SM/J,m,540,,301
SM/J,m,541,,272
SM/J,m,542,,272
SM/J,m,543,,602
SWR/J,f,00068AF599,,423
SWR/J,f,00068AFD73,,505
SWR/J,f,00068B0225,,743
SWR/J,f,00068B0C93,,672
SWR/J,f,00068B0F40,,714
SWR/J,f,00068B1236,,909
SWR/J,f,00068B1832,,274
SWR/J,f,00068B1C6A,,689
SWR/J,f,00068B1D16,,526
SWR/J,f,00068B219E,,617
SWR/J,f,00068B2618,,571
SWR/J,f,00068B2BFE,,886
SWR/J,f,00068af2bf,,548
SWR/J,f,00068af39b,,610
SWR/J,f,00068af551,,977
SWR/J,f,00068b0492,,343
SWR/J,f,00068b109f,,847
SWR/J,f,00068b1e29,,931
SWR/J,f,00068b2994,,714
SWR/J,f,544,,233
SWR/J,f,545,,338
SWR/J,f,546,,338
SWR/J,f,547,,791
SWR/J,f,548,,654
SWR/J,f,549,,785
SWR/J,f,550,,812
SWR/J,f,551,,854
SWR/J,f,552,,374
SWR/J,f,553,,619
SWR/J,f,554,,624
SWR/J,f,555,,942
SWR/J,m,00068AF141,,350
SWR/J,m,00068AFEB7,,1098
SWR/J,m,00068B17B7,,350
SWR/J,m,00068B186F,,411
SWR/J,m,00069a0841,,800
SWR/J,m,00069a24e8,,718
SWR/J,m,00069a2fff,,752
SWR/J,m,556,,387
SWR/J,m,557,,812
SWR/J,m,558,,862
SWR/J,m,559,,904
SWR/J,m,560,,226
SWR/J,m,561,,273
SWR/J,m,562,,366
SWR/J,m,563,,988
SWR/J,m,564,,589
SWR/J,m,565,,710
SWR/J,m,566,,710
SWR/J,m,567,,973
SWR/J,m,568,,294
SWR/J,m,569,,701
SWR/J,m,570,,841
SWR/J,m,571,,931
SWR/J,m,572,,498
SWR/J,m,573,,233
SWR/J,m,574,,726
SWR/J,m,575,,805
SWR/J,m,576,,841
SWR/J,m,577,,338
SWR/J,m,578,,553
SWR/J,m,579,,911
SWR/J,m,580,,1017
WSB/EiJ,f,000689A1B67,,1163
WSB/EiJ,f,000699FFC5,,1178
WSB/EiJ,f,00069A155E,,866
WSB/EiJ,f,00069A16F6,,1053
WSB/EiJ,f,00069A1A9C,,772
WSB/EiJ,f,00069A1E34,,722
WSB/EiJ,f,00069A2C95,,1276
WSB/EiJ,f,00069A2DDD,,1053
WSB/EiJ,f,00069A2EFC,,713
WSB/EiJ,f,00069A3118,,964
WSB/EiJ,f,00069a0311,,999
WSB/EiJ,f,00069a114c,,1126
WSB/EiJ,f,00069a182c,,1260
WSB/EiJ,f,00069a21c1,,1131
WSB/EiJ,f,581,,244
WSB/EiJ,f,582,,900
WSB/EiJ,f,583,,1147
WSB/EiJ,f,584,,617
WSB/EiJ,f,585,,629
WSB/EiJ,f,586,,813
WSB/EiJ,f,74,,219
WSB/EiJ,f,75,,219
WSB/EiJ,f,76,,219
WSB/EiJ,f,77,,671
WSB/EiJ,f,78,,944
WSB/EiJ,f,79,,1183
WSB/EiJ,f,80,,1185
WSB/EiJ,f,81,,328
WSB/EiJ,f,82,,1175
WSB/EiJ,f,83,,1217
WSB/EiJ,f,84,,1217
WSB/EiJ,m,000699F595,,470
WSB/EiJ,m,000699f7d1,,1050
WSB/EiJ,m,000699fc6e,,725
WSB/EiJ,m,00069A02D0,,744
WSB/EiJ,m,00069A189A,,1014
WSB/EiJ,m,00069A18D6,,900
WSB/EiJ,m,00069A1DE3,,778
WSB/EiJ,m,00069A2656,,1138
WSB/EiJ,m,00069A2BDF,,1021
WSB/EiJ,m,00069A2E55,,1202
WSB/EiJ,m,00069a0315,,1125
WSB/EiJ,m,00069a09eb,,1040
WSB/EiJ,m,00069a107a,,1089
WSB/EiJ,m,00069a1222,,1209
WSB/EiJ,m,00069a217e,,1232
WSB/EiJ,m,00069a293d,,1284
WSB/EiJ,m,00069a2bc5,,1110
WSB/EiJ,m,587,,202
WSB/EiJ,m,588,,301
WSB/EiJ,m,589,,261
WSB/EiJ,m,590,,662
WSB/EiJ,m,591,,662
WSB/EiJ,m,592,,1005
WSB/EiJ,m,593,,263
WSB/EiJ,m,594,,390
WSB/EiJ,m,595,,1091
WSB/EiJ,m,596,,1214
WSB/EiJ,m,597,,271
WSB/EiJ,m,598,,274
WSB/EiJ,m,599,,871
WSB/EiJ,m,600,,1005
WSB/EiJ,m,86,,274
