animal_id,strain,sex,actual_days,xgboost_prediction,xgboost_error,llm_prediction,llm_error,llm_reasoning
00068AF16E,129S1/SvImJ,m,917,850,67,650,267,"The mouse shows elevated BUN and hypernatremia, indicating renal and fluid balance challenges typical of aging. Borderline low T4 suggests metabolic decline, while normal CRP implies limited systemic inflammation. The combination of these markers points to organ-specific aging without overt systemic disease, aligning with a mid-to-late lifespan trajectory."
00068AF1B9,129S1/SvImJ,m,882,1039,157,100,782,"The mouse shows elevated BUN and reduced T4, indicating renal and thyroid decline typical of advanced age. Hypernatremia and low albumin suggest metabolic dysregulation and chronic inflammation, reinforcing biological aging. These markers collectively point to a shortened lifespan."
00068AF575,129S1/SvImJ,m,925,838,87,650,275,"The mouse shows mild hepatic stress (elevated bilirubin) and metabolic dysregulation (low HDL, borderline low BUN/T4), consistent with age-related declines in liver function and cholesterol homeostasis. These findings suggest moderate physiological reserve depletion without overt organ failure, aligning with a mid-to-late life stage where compensatory mechanisms remain partially intact."
00068AF614,129S1/SvImJ,m,919,926,7,650,269,"The mouse shows borderline low albumin and elevated BUN, suggesting mild hepatic and renal stress, alongside a borderline low T4 indicating metabolic deceleration. These findings align with age-related physiological decline without overt disease, consistent with a midlife trajectory."
00068AFCAC,129S1/SvImJ,m,992,950,42,680,312,"The mouse shows moderate aging-related changes with elevated BUN suggesting early renal decline, borderline low T4 indicating metabolic slowing, and elevated iron hinting at chronic inflammation. However, preserved albumin, normal liver enzymes, and high HDL mitigate severe organ dysfunction. These patterns align with midlife physiological decline without critical failure."
00068AFE5D,129S1/SvImJ,m,914,910,4,650,264,"The mouse shows moderate aging signals with elevated BUN suggesting early renal decline, borderline low T4 indicating metabolic reserve reduction, and preserved metabolic resilience evidenced by high HDL. Absence of severe hepatic or inflammatory markers supports maintained organ function despite these age-related changes."
00068B0F1C,129S1/SvImJ,m,1021,862,159,680,341,"The mouse shows a metabolic profile consistent with advanced age-related decline, including elevated bilirubin, low albumin, and dyslipidemia, indicating hepatic and metabolic dysfunction. These markers align with the expected trajectory of aging mice, where cumulative cellular damage manifests as multi-organ dysfunction without overt inflammation."
00068B1E9D,129S1/SvImJ,m,857,985,128,680,177,"The mouse shows borderline low T4 and elevated BUN, suggesting mild metabolic and renal changes consistent with aging, but lacks severe organ dysfunction or systemic inflammation. The lipid profile and absence of critical biomarker deviations indicate preserved physiological reserve despite some age-related shifts."
00068AF558,A/J,f,448,475,27,100,348,"The mouse shows elevated liver enzymes (ALT, ALP) and BUN, indicating hepatic and renal stress, alongside borderline low T4 suggesting metabolic decline. These markers align with age-related organ dysfunction and increased mortality risk in older mice."
00068AF853,A/J,f,518,477,41,100,418,"The mouse shows elevated liver enzymes (ALT, ALP) and BUN, indicating hepatic and renal stress, alongside borderline low T4 suggesting metabolic decline. These markers align with age-related organ dysfunction and increased mortality risk in older mice."
00068AFF87,A/J,f,394,507,113,100,294,"The mouse shows elevated liver enzymes (ALT, ALP) and BUN, indicating hepatic and renal stress, alongside borderline low T4 suggesting metabolic decline. These markers align with age-related organ dysfunction and increased mortality risk in older mice."
00068B0BF3,A/J,f,527,477,50,100,427,"The mouse shows elevated liver enzymes (ALT, ALP) and BUN, indicating hepatic and renal stress, alongside borderline low T4 suggesting metabolic decline. These markers align with age-related organ dysfunction and increased mortality risk in older mice."
00068B1CEA,A/J,f,751,734,17,680,71,"The mouse shows borderline low T4 and elevated BUN, suggesting age-related metabolic and renal changes, but lacks severe multi-organ dysfunction or acute stress markers. The absence of significant inflammation or electrolyte imbalances supports a moderate biological age without critical organ failure."
00068B28EC,A/J,f,610,475,135,100,510,"The mouse shows elevated liver enzymes (ALT, ALP) and BUN, indicating hepatic and renal stress, alongside borderline low T4 suggesting metabolic decline. These markers align with age-related organ dysfunction and increased mortality risk in older mice."
00068CF93C,A/J,f,406,509,103,100,306,"The mouse shows elevated liver enzymes (ALT, ALP) and BUN, indicating hepatic and renal stress, alongside borderline low T4 suggesting metabolic decline. These markers align with age-related organ dysfunction and increased mortality risk in older mice."
00069a0f64,A/J,f,760,601,159,600,160,"The mouse exhibits a metabolic-inflammatory profile with dyslipidemia (low HDL, elevated triglycerides), chronic inflammation (elevated monocytes), and mild hepatobiliary stress (borderline GGT, bilirubin). These findings align with accelerated biological aging and increased cardiovascular risk, though preserved organ reserve markers (normal creatinine, albumin) suggest compensatory mechanisms remain intact. The combination of these factors, particularly the metabolic-inflammatory axis, is the most decisive clinical finding."
00069a0f7c,A/J,f,619,682,63,650,31,"The mouse shows borderline low T4 and elevated BUN, indicating potential thyroid and renal aging changes, but lacks severe inflammatory or metabolic derangements. The absence of significant organ dysfunction or acute stress markers supports a midlife trajectory with preserved compensatory mechanisms."
00069a184f,A/J,f,757,624,133,650,107,"The mouse shows borderline low T4 and elevated BUN, indicating potential thyroid and renal aging, but lacks severe metabolic or inflammatory derangements. The absence of critical organ failure markers suggests moderate physiological decline consistent with mid-life aging."
00069a1a4c,A/J,f,619,819,200,680,61,"The mouse exhibits a metabolic-inflammatory profile with elevated BUN (29.0 mg/dL) indicating renal stress, borderline low T4 (2.0 µg/dL) suggesting hypothyroidism, and dyslipidemia (HDL 71.1 mg/dL). These findings align with age-related organ decline and chronic inflammation. The absence of overt liver damage markers contrasts with the renal and metabolic abnormalities, which dominate the aging trajectory. The combination of reduced thyroid function and renal clearance capacity strongly correlates with advanced chronological age in this strain."
00069a1aba,A/J,f,619,713,94,600,19,"{""prediction_days"": 600, ""reasoning"": ""The mouse shows elevated BUN (32.0 mg/dL) indicating renal stress, markedly high iron (207.0 µg/dL) suggesting chronic inflammation or iron dysregulation, and bo"
00069a1cc6,A/J,f,687,629,58,650,37,"The mouse shows borderline low T4 and elevated BUN, indicating potential thyroid decline and renal stress, both associated with aging. However, normal inflammatory markers and preserved metabolic profile suggest limited systemic pathology. The combination of these findings points to moderate physiological aging without severe organ dysfunction."
00069a2293,A/J,f,806,849,43,600,206,"The mouse shows borderline low BUN and HDL with elevated bilirubin, suggesting mild metabolic and hepatic stress without overt organ failure. Normal liver enzymes and absence of severe inflammatory markers indicate preserved physiological reserve despite these trends."
00068B28B7,BALB/cByJ,m,939,814,125,650,289,"The mouse shows borderline low T4 and elevated BUN, indicating reduced metabolic reserve and early renal stress, which are common in older mice. The combination of elevated iron and low-normal albumin suggests chronic inflammation or subclinical organ dysfunction, further supporting advanced age. However, preserved lipid and glucose metabolism, along with normal hepatic enzymes, argue against severe systemic failure. These findings align with population trends where declining organ reserve and metabolic efficiency precede mortality in older cohorts."
00069a03ca,BALB/cByJ,m,889,844,45,650,239,"The mouse shows borderline low T4 and elevated BUN, indicating reduced metabolic reserve and early renal stress, which are common in older mice. The combination of elevated iron and low-normal albumin suggests chronic inflammation or subclinical organ dysfunction, further supporting advanced age. However, preserved lipid and glucose metabolism, along with normal hepatic enzymes, argue against severe systemic failure. These findings align with population trends where declining organ reserve and metabolic efficiency precede mortality in older cohorts."
00069a1eb8,BALB/cByJ,m,889,844,45,650,239,"The mouse shows borderline low T4 and elevated BUN, indicating reduced metabolic reserve and early renal stress, which are common in older mice. The combination of elevated iron and low-normal albumin suggests chronic inflammation or subclinical organ dysfunction, further supporting advanced age. However, preserved lipid and glucose metabolism, along with normal hepatic enzymes, argue against severe systemic failure. These findings align with population trends where declining organ reserve and metabolic efficiency precede mortality in older cohorts."
00069a3047,BALB/cByJ,m,721,844,123,650,71,"The mouse shows borderline low T4 and elevated BUN, indicating reduced metabolic reserve and early renal stress, which are common in older mice. The combination of elevated iron and low-normal albumin suggests chronic inflammation or subclinical organ dysfunction, further supporting advanced age. However, preserved lipid and glucose metabolism, along with normal hepatic enzymes, argue against severe systemic failure. These findings align with population trends where declining organ reserve and metabolic efficiency precede mortality in older cohorts."
00069a308c,BTBR T<+> Itpr3<tf>/J,f,739,830,91,600,139,"The mouse shows borderline low T4 and elevated BUN, suggesting mild metabolic and renal changes consistent with aging, but lacks severe inflammatory or hepatic markers. The absence of critical organ failure signs supports a midlife estimate."
00069a16a4,BTBR T<+> Itpr3<tf>/J,m,728,867,139,650,78,"The mouse shows borderline low T4 and elevated BUN, indicating reduced metabolic reserve and early renal stress, but lacks severe inflammatory or hepatic markers. The combination suggests mid-life physiological decline without acute pathology."
00069a20db,BTBR T<+> Itpr3<tf>/J,m,889,877,12,650,239,"The mouse shows mild metabolic and renal stress with elevated sodium and borderline low CO2, suggesting volume contraction or metabolic alkalosis. Elevated iron and low HDL indicate metabolic dysregulation but lack acute organ failure markers. The absence of significant liver enzyme elevations and normal bilirubin levels argue against severe hepatic dysfunction. These findings align with a midlife trajectory where compensatory mechanisms remain intact but cumulative stressors are present."
00068B0861,BUB/BnJ,f,818,752,66,680,138,"The mouse shows elevated BUN and borderline low T4, indicating potential renal and thyroid aging changes, but lacks severe inflammatory or hepatic markers. The combination of mild metabolic shifts and preserved organ function suggests moderate physiological decline consistent with midlife aging patterns."
00068B2B1D,BUB/BnJ,f,457,573,116,650,193,"The mouse shows borderline low T4 and elevated BUN, suggesting mild metabolic and renal changes consistent with aging, but lacks severe inflammatory or hepatic markers. The absence of critical organ dysfunction or extreme biomarker deviations supports a moderate lifespan estimate."
00069a0bf2,BUB/BnJ,f,726,599,127,650,76,"The mouse shows borderline low T4 and elevated BUN, suggesting age-related metabolic and renal changes. However, the absence of severe inflammatory or hepatic markers indicates preserved organ reserve, aligning with a moderate lifespan prediction."
00069a1aa3,BUB/BnJ,f,1034,510,524,650,384,"The mouse shows moderate age-related physiological decline with elevated BUN suggesting renal stress, borderline low T4 indicating metabolic reserve reduction, and ALP elevation hinting at subclinical hepatic changes. These findings align with mid-life organ function shifts without acute pathology or severe systemic compromise."
00069a2655,BUB/BnJ,f,965,734,231,650,315,"The mouse shows borderline low T4 and elevated BUN, suggesting mild metabolic and renal changes consistent with midlife aging. Normal inflammatory and hepatic markers indicate no acute pathology, while preserved electrolyte balance supports stable homeostasis. The BUN elevation is the most decisive aging signal, aligning with moderate lifespan reduction."
00069a2a4e,BUB/BnJ,f,722,849,127,650,72,"The mouse shows elevated BUN and borderline low T4, indicating potential renal and metabolic aging changes, but lacks severe inflammatory or hepatic dysfunction markers. The combination of mild organ stress without acute pathology suggests a midlife trajectory."
000B6B05DB,BUB/BnJ,f,455,596,141,680,225,"The mouse shows elevated BUN and borderline low T4, indicating potential renal and thyroid aging, but lacks severe inflammatory or metabolic derangements. The combination of mild hepatic stress (ALP) and preserved albumin suggests moderate physiological decline without acute organ failure. These patterns align with a mid-life trajectory in an aged mouse model."
00068AF246,BUB/BnJ,m,874,682,192,600,274,"The mouse exhibits borderline low T4 and elevated BUN, indicating age-related thyroid and renal decline. While other markers remain within normal ranges, these findings suggest reduced physiological reserve without overt organ failure, consistent with mid-life aging patterns."
00068AF767,BUB/BnJ,m,875,763,112,680,195,"The mouse exhibits borderline low T4 and elevated BUN, indicating age-related declines in thyroid function and renal clearance. These markers, combined with normal inflammatory and hepatic profiles, suggest moderate physiological aging without overt organ failure. The absence of severe metabolic or inflammatory derangements supports a lifespan estimate consistent with mid-life decline in this strain."
00068B0CD2,BUB/BnJ,m,260,906,646,680,420,"The mouse exhibits elevated BUN (24.0 mg/dL) and borderline low T4 (3.6 µg/dL), indicating potential renal and thyroid dysfunction, which are age-associated changes. Mild metabolic disturbances (elevated sodium, low CO2) and preserved lipid profile suggest early systemic dysregulation without overt organ damage. The absence of significant inflammatory or hepatic markers supports a non-acute, age-related pattern. The BUN elevation, a key aging biomarker in mice, dominates the clinical judgment."
00069a18cf,BUB/BnJ,m,873,704,169,650,223,"The mouse shows borderline low T4 and elevated BUN, suggesting mild metabolic and renal stress, but lacks severe inflammatory or hepatic markers. The absence of significant abnormalities in other organ systems supports a mid-life trajectory with moderate physiological decline."
00069a1ae9,BUB/BnJ,m,693,803,110,680,13,"The mouse shows elevated BUN indicating potential renal stress, borderline low T4 suggesting metabolic decline, and mild ALP elevation without overt liver damage. These findings reflect age-related organ reserve reduction without severe systemic pathology, consistent with midlife physiological aging."
00069a1dbc,BUB/BnJ,m,855,859,4,650,205,"The mouse shows borderline low T4 and elevated BUN, suggesting mild metabolic and renal stress, but lacks severe inflammatory or hepatic markers. The combination of normal albumin, low-normal CRP, and absence of overt organ damage indicates preserved physiological reserve despite age-related declines. The most decisive finding is the BUN elevation, which in aging mice often correlates with reduced survival but remains within a range compatible with midlife adaptation."
00069a201b,BUB/BnJ,m,1020,682,338,680,340,"The mouse exhibits borderline low T4 and elevated BUN, indicating age-related declines in thyroid function and renal clearance. These markers, combined with normal inflammatory and hepatic profiles, suggest moderate physiological aging without overt organ failure. The absence of severe metabolic or inflammatory derangements supports a lifespan estimate consistent with mid-life decline in this strain."
00069a24e6,BUB/BnJ,m,889,756,133,680,209,"The mouse exhibits borderline low T4 and elevated BUN, indicating age-related thyroid and renal decline. While other markers remain within normal ranges, these findings suggest reduced physiological reserve without overt organ failure, aligning with a mid-to-late lifespan trajectory."
00069a2645,BUB/BnJ,m,608,796,188,680,72,"The mouse exhibits elevated total bilirubin and borderline low albumin, suggesting subclinical hepatic dysfunction or chronic hemolysis, which aligns with inflammaging patterns in aging. Borderline low T4 indicates metabolic slowing consistent with advanced age. These findings, combined with preserved lipid metabolism and absence of acute inflammatory markers, reflect a multi-system aging profile exceeding typical chronological expectations for this strain."
00068AF559,C57BL/10J,f,574,681,107,580,6,"The mouse shows elevated BUN and ALP, indicating renal and hepatic stress, alongside hypernatremia and low T4, suggesting metabolic and endocrine dysfunction. These markers align with accelerated aging and organ decline, which are strongly associated with reduced lifespan in mice."
00068AF9BD,C57BL/10J,f,811,743,68,600,211,"The mouse shows elevated BUN and ALP indicating renal and hepatic stress, low T4 suggesting hypothyroidism, and hypernatremia with hypochloremia pointing to electrolyte imbalance. These findings align with age-related organ decline and metabolic dysregulation, with the most decisive evidence being the combination of renal and hepatic dysfunction markers."
00068B01C0,C57BL/10J,f,1202,671,531,500,702,"The mouse shows elevated BUN and ALP, indicating renal and hepatic stress, alongside hypernatremia and low T4, suggesting metabolic and endocrine dysfunction. These markers align with accelerated aging and organ decline, which are strongly associated with reduced lifespan in older mice."
00068B0532,C57BL/10J,f,692,617,75,1000,308,"The mouse shows elevated BUN and ALP with borderline low T4, indicating renal and hepatic stress alongside declining thyroid function. Hypernatremia and low albumin suggest volume dysregulation and reduced protein reserves, compounding organ dysfunction. These findings align with accelerated aging and multi-system decline, though preserved metabolic markers like glucose and CRP mitigate some risk. The combination of renal and hepatic biomarker elevations remains the most decisive clinical finding."
00068B06DD,C57BL/10J,f,1010,728,282,680,330,"The mouse shows elevated BUN (33.0 mg/dL) indicating potential renal decline, a common aging-related change. Borderline low T4 (5.7 nmol/L) suggests age-associated thyroid dysfunction, which may contribute to metabolic slowing. Mildly elevated ALP (134.0 U/L) with normal bilirubin (0.3 mg/dL) implies subclinical hepatic or biliary changes without overt liver failure. The absence of severe inflammatory markers (e.g., normal albumin 3.8 g/dL) and preserved electrolyte balance (Na 148.0 mmol/L, K 5.7 mmol/L) argues against acute pathology. The most decisive finding is the BUN elevation, which in aging mice often reflects declining renal reserve and correlates with reduced lifespan. While other markers like low-normal T4 and borderline ALP hint at age-related organ decline, the lack of severe abnormalities in critical systems (e.g., no anemia, normal glucose inferred from albumin) supports a moderate aging trajectory."
00068B0FB0,C57BL/10J,f,1097,868,229,600,497,"The borderline low T4 level, combined with elevated BUN and ALP, suggests subclinical organ stress without overt systemic failure, indicating a moderate lifespan prediction."
00068B1245,C57BL/10J,f,399,862,463,500,101,"The mouse exhibits elevated BUN and ALP, indicating renal and hepatic stress, alongside hypernatremia and low T4, suggesting metabolic and endocrine decline. These markers align with accelerated aging and organ dysfunction, which are strongly associated with shortened lifespan in aged mice."
00068B2A40,C57BL/10J,f,906,575,331,100,806,"The mouse exhibits elevated BUN and ALP, indicating renal and hepatic stress, alongside hypernatremia and hypoalbuminemia, suggesting systemic metabolic and inflammatory dysregulation. These markers collectively point to accelerated organ aging and frailty, consistent with a shortened lifespan trajectory."
00069a1990,C57BLKS/J,f,980,742,238,650,330,"The mouse shows mild metabolic alkalosis with elevated sodium and low CO2, but preserved liver function and no signs of organ failure. The absence of anemia, inflammation, or significant hepatic/renal dysfunction suggests a relatively healthy aging profile despite borderline electrolyte imbalances."
00069a2045,C57BLKS/J,f,574,882,308,680,106,"The mouse shows borderline low T4 and elevated ALP, suggesting mild metabolic and hepatic stress, alongside elevated BUN indicating early renal changes. These findings align with age-related physiological decline but lack severe inflammatory or organ failure markers, pointing to a mid-to-late lifespan trajectory."
00069a29ee,C57BLKS/J,f,874,1042,168,680,194,"The mouse exhibits a metabolic-inflammatory profile consistent with advanced aging, characterized by hyperglycemia, elevated BUN, and hepatic dysfunction. The combination of low albumin, elevated bilirubin, and hyperglycemia suggests declining organ reserve and metabolic dysregulation typical of older mice. While CRP remains low, the metabolic-inflammatory axis appears dysregulated, with hyperglycemia potentially driving low-grade inflammation. The lipid profile shows borderline low HDL, which may reflect altered lipid metabolism in aging. Notably, the absence of severe anemia or overt organ failure markers suggests these changes represent subclinical aging rather than acute pathology. The most decisive finding is the hepatic-metabolic pattern, which strongly correlates with advanced chronological age in murine models."
00068CDAD3,C57BR/cdJ,f,905,839,66,630,275,"The mouse shows borderline low T4 and elevated BUN, indicating potential metabolic and renal aging signals, but lacks severe multi-organ dysfunction or acute inflammatory markers. The absence of critical deviations in other systems suggests a moderate aging trajectory without imminent physiological collapse."
00068D05A7,C57BR/cdJ,f,933,824,109,680,253,"The mouse shows borderline low T4 and elevated BUN, indicating potential metabolic and renal aging signals, but lacks severe multi-organ dysfunction or acute inflammatory markers. The absence of critical deviations in other systems suggests a moderate aging trajectory without imminent physiological collapse."
00068D190B,C57BR/cdJ,f,918,831,87,600,318,"The mouse shows borderline low T4 and elevated BUN, suggesting early metabolic and renal changes typical of aging, but lacks severe inflammatory or hepatic dysfunction. The absence of marked organ damage or systemic inflammation supports a mid-life trajectory with moderate physiological decline."
00068D46BB,C57BR/cdJ,f,732,824,92,650,82,"The mouse shows borderline low T4 and elevated BUN, indicating potential metabolic and renal aging signals, but lacks severe multi-organ dysfunction or acute inflammatory markers. The absence of critical deviations in other systems suggests a moderate aging trajectory without imminent physiological collapse."
00068B0BFC,C57BR/cdJ,m,842,899,57,600,242,"The mouse exhibits a metabolic profile consistent with advanced age-related decline. Elevated BUN (20.0 mg/dL) suggests reduced renal clearance capacity, a common feature in older mice. Borderline low T4 (3.9 ng/mL) aligns with age-related thyroid dysfunction, which correlates with frailty and shortened lifespan. The combination of mildly elevated ALP (45.0 U/L) and normal liver enzymes (ALT=67.0 U/L) indicates possible subclinical hepatic stress without overt damage. Notably, the absence of significant inflammatory markers (e.g., CRP not listed but inferred from normal albumin=3.6 g/dL) suggests preserved immune homeostasis despite aging. The metabolic panel shows no severe dyslipidemia (HDL=85.2 mg/dL) or glycemic derangements, which might otherwise accelerate aging phenotypes. However, the cumulative burden of organ-specific decline—particularly renal and endocrine—dominates the clinical picture. Given the interplay between these factors and their established associations with mortality in murine models, the biological age appears advanced relative to chronological expectations. The most decisive clinical finding is the combination of borderline low T4 and elevated BUN, which together reflect multi-system aging stressors that strongly correlate with reduced survival in aged mice."
00068CD9D8,C57BR/cdJ,m,946,801,145,600,346,"The mouse shows a pattern of declining organ reserve with elevated BUN indicating reduced renal function, borderline low albumin suggesting hepatic synthetic decline, and a metabolic profile consistent with advanced biological aging. The combination of these markers reflects the physiological frailty typically seen in older mice, with the renal-liver axis dysfunction being the most decisive clinical finding."
00068CDB50,C57BR/cdJ,m,820,846,26,580,240,"The mouse exhibits a metabolic-inflammatory profile consistent with accelerated aging. Markedly elevated triglycerides (268.0 mg/dL) and borderline high total cholesterol (218.0 mg/dL) suggest dyslipidemia, a key driver of atherosclerosis and cardiovascular mortality in aging mice. The combination of elevated GGT (32.0 U/L) and borderline high ALP (100.0 U/L) indicates hepatobiliary stress, potentially reflecting non-alcoholic fatty liver disease or early cirrhosis, which synergizes with metabolic dysfunction to amplify systemic inflammation. While CRP remains within normal limits (0.14 mg/dL), the elevated monocyte percentage (10.0%) and borderline high BUN (20.0 mg/dL) point to subclinical immune activation and renal strain, common in aged mice with chronic metabolic stress. The low HDL (37.0 mg/dL) further exacerbates atherogenic risk, creating a pro-inflammatory, pro-thrombotic state. These findings align with the 'hallmarks of aging' framework, particularly deregulated nutrient sensing and mitochondrial dysfunction, which drive multi-organ decline. The absence of overt liver failure (normal bilirubin, albumin) suggests this is a chronic, compensated process rather than acute pathology. Given the metabolic-inflammatory profile and its association with age-related diseases, the most decisive clinical finding is the combination of dyslipidemia and hepatobiliary stress, which strongly correlates with shortened lifespan in this strain."
00068CED44,C57BR/cdJ,m,907,814,93,680,227,"The mouse exhibits a metabolic-inflammatory profile consistent with accelerated aging. Elevated BUN (21.0 mg/dL) suggests reduced renal clearance or increased protein catabolism, both linked to age-related organ decline. Borderline low T4 (3.8 µg/dL) aligns with hypothyroidism, a common endocrine alteration in older mice that correlates with frailty. The combination of mildly elevated ALP (41.0 U/L) and normal bilirubin (0.5 mg/dL) points to subclinical hepatic stress without overt cholestasis, a pattern seen in chronic metabolic strain. Notably, the absence of severe inflammatory markers (e.g., CRP not listed but inferred from normal albumin 3.5 g/dL) suggests a controlled but persistent stressor. The metabolic panel shows preserved lipid homeostasis (HDL 85.6 mg/dL) but borderline low phosphorus (7.0 mg/dL), which may reflect altered bone turnover or dietary intake. These findings collectively indicate a mouse with moderate organ reserve depletion and endocrine aging, consistent with advanced chronological age in a laboratory setting. The most decisive clinical finding is the combination of elevated BUN and low-normal T4, which strongly correlates with increased mortality risk in aged mice."
00068CEF78,C57BR/cdJ,m,834,759,75,1000,166,"The mouse shows a metabolic and hepatic profile consistent with advanced biological aging. Markedly elevated ALT (73.0 U/L) and ALP (52.0 U/L) indicate hepatocellular stress or cholestasis, which in older mice often reflects cumulative metabolic damage or chronic inflammation. The low albumin (2.9 g/dL) and borderline elevated BUN (21.0 mg/dL) suggest reduced hepatic synthetic capacity and potential renal impairment, both hallmarks of organ reserve depletion in aging. Hypernatremia (156.0 mmol/L) and hypochloremia (120.0 mmol/L) point to electrolyte dysregulation, possibly from dehydration or impaired renal concentrating ability, further signaling systemic decline. While CRP is normal (0.14 mg/dL), the combination of liver dysfunction, hypoalbuminemia, and renal markers aligns with a frailty pattern seen in aged mice. These findings collectively suggest a shortened lifespan trajectory driven by multi-organ metabolic compromise."
00068CFA66,C57BR/cdJ,m,848,813,35,600,248,"The mouse shows a pattern of multi-organ decline typical of advanced age, with elevated bilirubin and BUN indicating hepatic and renal insufficiency, low-normal T4 suggesting thyroid aging, and metabolic dysregulation marked by hyperglycemia and dyslipidemia. These findings collectively point to a shortened lifespan driven by organ reserve depletion and metabolic stress."
00068D0331,C57BR/cdJ,m,681,907,226,650,31,"The mouse shows a pattern of age-related metabolic decline with borderline elevated BUN, low CO2, and elevated sodium, indicating renal and acid-base dysfunction. The combination of low albumin and elevated total protein suggests protein homeostasis disruption, while multiple borderline abnormalities reflect cumulative physiological stress. These findings align with advanced age-related organ reserve depletion without acute pathology."
00068D1DA1,C57BR/cdJ,m,933,887,46,600,333,"The mouse exhibits mild hepatic dysfunction with elevated bilirubin and borderline low albumin, suggesting subclinical liver stress that may accelerate aging. While renal function appears preserved, the metabolic profile (low HDL) and mild inflammatory signals contribute to a pro-atherogenic state. These findings align with a moderate pace of aging, with the hepatic profile being the most decisive clinical finding."
000699f8e2,CAST/EiJ,f,854,839,15,650,204,"The mouse shows moderate renal and metabolic stress with borderline low T4 and elevated BUN, suggesting age-related decline without acute pathology. Iron elevation and mild metabolic dysregulation further support a midlife trajectory."
00069a2c9d,CAST/EiJ,f,763,839,76,650,113,"The mouse shows moderate renal and metabolic stress with borderline low T4 and elevated BUN, suggesting age-related decline without acute pathology. Iron elevation and mild metabolic dysregulation further support a midlife trajectory."
000699f9ba,CBA/J,f,863,758,105,600,263,"The mouse exhibits a mix of aging-related biomarkers, including borderline low BUN (10.0 mg/dL) and T4 (6.7 nmol/L), which may reflect reduced protein intake or early organ decline. Elevated total bilirubin (1.0 mg/dL) suggests subclinical hepatic stress, a common feature in older mice. While lipid and inflammatory markers appear preserved, the combination of thyroid and liver dysfunction aligns with age-associated organ reserve loss. The absence of severe abnormalities in other systems indicates these changes are not acute but part of a gradual aging process. The preponderance of markers leaning older, particularly the hepatic and thyroid profile, strongly correlates with advanced biological age in murine models."
00069a18af,CBA/J,f,756,988,232,650,106,"The mouse shows borderline low T4 and elevated BUN, suggesting mild metabolic and renal changes consistent with midlife aging. Absence of severe inflammation or organ failure markers supports a moderate lifespan estimate."
000699fa35,DBA/2J,f,672,835,163,680,8,"The mouse shows moderate age-related changes with elevated BUN and borderline low T4, suggesting renal and thyroid decline, but lacks severe multi-organ dysfunction or acute pathology. Preserved metabolic and inflammatory markers indicate a non-catastrophic state, aligning with a mid-life trajectory."
00069a12de,DBA/2J,f,666,589,77,630,36,"The mouse shows elevated BUN and borderline low T4, indicating potential renal and thyroid aging, but lacks severe inflammatory or metabolic derangements. The absence of critical organ failure markers suggests moderate physiological decline consistent with mid-life aging."
00069a13e5,DBA/2J,f,917,765,152,630,287,"The mouse shows a mixed profile with elevated ALP and BUN suggesting mild hepatic and renal stress, alongside hypernatremia and hypochloremia indicating electrolyte imbalance. However, preserved albumin, normal inflammatory markers, and absence of severe metabolic derangements suggest limited systemic compromise. The combination of age-related physiological decline and subclinical organ stress without overt pathology aligns with a mid-life trajectory."
00069A129E,DBA/2J,m,492,742,250,600,108,"The mouse exhibits elevated BUN and iron levels, suggesting renal stress and oxidative damage, alongside borderline low CO2 and albumin, indicating metabolic and inflammatory shifts. These findings align with accelerated aging patterns in DBA/2J mice, where chronic inflammation and organ dysfunction drive mortality risk."
00069a10e8,DBA/2J,m,745,664,81,600,145,"The mouse exhibits elevated BUN and borderline low CO2, suggesting renal or metabolic stress, alongside elevated iron, which may indicate chronic inflammation or organ dysfunction. These findings align with accelerated aging patterns in mice, particularly in the context of strain-specific baseline variations. The combination of renal stress, iron dysregulation, and borderline hypoalbuminemia points to a higher risk of frailty and mortality, consistent with advanced biological age."
00069a2112,DBA/2J,m,812,664,148,680,132,"The mouse exhibits elevated BUN and borderline low CO2, indicating potential renal or metabolic stress, alongside elevated iron, which may reflect oxidative stress. These findings align with aging-related physiological decline, though the absence of severe inflammatory or hepatic markers suggests a moderate pace of aging. The combination of these factors points to a lifespan consistent with advanced age but without critical organ failure."
00069a2460,DBA/2J,m,772,681,91,600,172,"The mouse exhibits elevated BUN and iron levels, suggesting renal stress and oxidative damage, alongside borderline low CO2 and albumin, indicating metabolic and inflammatory shifts. These findings align with accelerated aging patterns in DBA/2J mice, where chronic inflammation and organ dysfunction dominate the clinical profile."
00069a2504,DBA/2J,m,644,706,62,600,44,"The mouse exhibits elevated BUN and iron levels, suggesting renal stress and oxidative damage, alongside borderline low CO2 and albumin, indicating metabolic and inflammatory shifts. These findings align with accelerated aging patterns in DBA/2J mice, where chronic inflammation and organ dysfunction converge to limit lifespan."
00068B006F,LP/J,f,815,664,151,600,215,"The mouse shows borderline low T4 and elevated BUN, indicating age-related thyroid decline and early renal stress. The markedly high HDL contrasts with typical aging patterns but may reflect strain-specific lipid metabolism. Absence of significant hepatic enzyme elevations and low bilirubin suggest preserved liver function. These findings align with a midlife profile where organ reserve depletion is moderate but not advanced."
00068B0363,LP/J,f,815,746,69,1000,185,"The mouse exhibits a metabolic profile consistent with early hepatic and lipid dysregulation, including elevated bilirubin and low HDL, which are associated with increased mortality risk in middle-aged mice. While renal and inflammatory markers remain within normal limits, the cumulative burden of these borderline abnormalities suggests a trajectory toward age-related organ dysfunction. The absence of overt systemic inflammation or severe metabolic derangements supports a moderate lifespan reduction relative to the strain's baseline, with the hepatic-lipid axis serving as the most decisive clinical finding."
00068B094E,LP/J,f,850,694,156,650,200,"The mouse exhibits a combination of elevated BUN (20.0 mg/dL) and borderline low T4 (2.4 ng/mL), indicating declining renal and thyroid function, which are key aging-related markers. The borderline low HDL (43.0 mg/dL) and elevated iron (169.0 µg/dL) suggest metabolic dysregulation and chronic inflammation, further supporting accelerated aging. While the absence of severe liver or hematologic abnormalities mitigates acute pathology, the cumulative burden of endocrine and metabolic decline aligns with advanced biological age. The sodium level (156.0 mmol/L) hints at potential dehydration or early renal impairment, though this may be transient. The most decisive clinical finding is the BUN elevation in the context of low T4, which together strongly indicate a shortened lifespan trajectory."
00068B0E32,LP/J,f,666,665,1,650,16,"The mouse shows borderline low T4 and elevated BUN, suggesting mild endocrine and renal stress, but lacks severe organ dysfunction markers. The markedly high HDL and absence of anemia or hepatic enzyme elevations indicate preserved metabolic and hepatic reserve. These findings align with a midlife physiological transition rather than acute pathology, supporting a moderate lifespan estimate."
00068B14F7,LP/J,f,766,612,154,650,116,"The mouse shows a mixed biomarker profile with key deviations indicating moderate physiological stress. Elevated BUN (28.0 mg/dL) suggests renal or metabolic strain, while borderline low T4 (3.3 µg/dL) reflects age-related thyroid decline. The elevated ALP (110.0 U/L) raises concern for subclinical hepatic dysfunction, though normal bilirubin and ALT levels mitigate acute liver damage. Hypernatremia (150.0 mmol/L) and mild hypoalbuminemia (3.9 g/dL) imply possible volume depletion or chronic inflammation, both linked to accelerated aging. Despite preserved inflammatory markers (normal CRP, WBC) and absence of overt organ failure, the cumulative burden of these deviations—particularly renal and metabolic markers—aligns with a midlife trajectory. The pattern reflects age-related decline without critical organ failure, consistent with a lifespan estimate near the population median for this strain."
00068B1AFF,LP/J,f,722,760,38,680,42,"The mouse shows borderline low T4 and elevated BUN, indicating mild thyroid and renal changes consistent with aging, but lacks severe inflammatory or hepatic markers. The markedly high HDL suggests metabolic resilience, while normal inflammatory and hepatic enzymes imply limited systemic stress. These findings align with a midlife trajectory without critical organ failure."
00068B1EEB,LP/J,f,450,833,383,680,230,"The mouse shows borderline low T4 and elevated BUN, indicating potential thyroid decline and early renal stress, common in aging. However, normal inflammatory markers, favorable lipid profile, and absence of severe organ dysfunction suggest preserved physiological reserve. The combination of these factors points to a moderate aging trajectory without overt frailty."
00069805a7,MOLF/EiJ,f,650,583,67,680,30,"The mouse shows borderline low T4 and elevated BUN, indicating potential metabolic and renal aging signals, but lacks severe multi-organ dysfunction or acute inflammatory markers. The absence of critical deviations in other systems suggests a moderate aging trajectory without imminent physiological collapse."
0006980a08,MOLF/EiJ,f,426,583,157,650,224,"The mouse shows moderate renal and metabolic stress with borderline low T4 and elevated BUN, suggesting declining organ reserve without acute pathology. Iron elevation and mild metabolic dysregulation indicate chronic low-grade stressors typical of midlife aging. Absence of severe inflammatory or hepatic markers supports a transitional phase between middle and late aging stages."
000698ad9e,MOLF/EiJ,f,426,569,143,680,254,"The mouse shows borderline low T4 and elevated BUN, indicating potential metabolic and renal aging signals, but lacks severe multi-organ dysfunction or acute inflammatory markers. The absence of critical deviations in other systems suggests a moderate aging trajectory without imminent physiological collapse."
000698bd0e,MOLF/EiJ,f,567,569,2,630,63,"The mouse shows moderate renal and metabolic stress with borderline low T4 and elevated BUN, suggesting age-related decline without acute pathology. Iron elevation and mild metabolic dysregulation further support a midlife trajectory."
6980427,MOLF/EiJ,f,672,569,103,680,8,"The mouse shows borderline low T4 and elevated BUN, indicating potential metabolic and renal aging signals, but lacks severe multi-organ dysfunction or acute inflammatory markers. The absence of critical deviations in other systems suggests a moderate aging trajectory without imminent physiological collapse."
00068CFA47,MRL/MpJ,m,651,652,1,1000,349,"The mouse exhibits a mixed biomarker profile with key deviations suggesting chronic metabolic and inflammatory stress. Elevated BUN (24.0) and borderline high ALP (150.0) point to potential renal or hepatic dysfunction, while hyperglycemia (10.1 mmol/L) and hypercholesterolemia (213.0 mg/dL) indicate metabolic dysregulation. The combination of low HDL (152.0 mg/dL) and elevated total bilirubin (0.6 mg/dL) further supports systemic metabolic strain. Notably, the elevated iron (316.0 µg/dL) and borderline high magnesium (2.6 mg/dL) may reflect chronic inflammation or organ stress. While some markers like low BUN (24.0 mg/dL) and normal CRP (0.09 mg/dL) suggest preserved homeostasis, the cumulative burden of metabolic and hepatic abnormalities aligns with accelerated aging patterns. The most decisive clinical finding is the coexistence of hyperglycemia and hypercholesterolemia, which strongly correlate with shortened lifespan in aged mice."
000699f96d,NOD.B10Sn-H2<b>/J,f,646,526,120,650,4,"The mouse shows borderline low T4 and elevated BUN, indicating early metabolic and renal changes consistent with aging. ALP elevation suggests mild hepatic stress, while normal inflammatory markers and albumin imply preserved systemic homeostasis. These findings align with a mid-to-late life stage without severe organ failure."
00069a06d4,NOD.B10Sn-H2<b>/J,f,851,540,311,580,271,"The mouse shows elevated BUN and borderline low T4, indicating renal and thyroid dysfunction typical of aging. Low HDL and elevated iron suggest metabolic dysregulation, while normal CRP and albumin imply subclinical rather than acute pathology. These findings collectively point to a moderate acceleration of aging processes without overt organ failure."
00069a159c,NOD.B10Sn-H2<b>/J,f,793,634,159,600,193,"The mouse exhibits a combination of elevated BUN (21.0 mg/dL) and low T4 (0.5 µg/dL), indicating renal and thyroid dysfunction, which are strongly associated with aging. Borderline low albumin (3.8 g/dL) and elevated BUN further suggest hepatic and renal compromise, while the low ALP (37.0 U/L) and normal CRP (0.11 mg/dL) imply chronic rather than acute pathology. These findings align with age-related organ decline and metabolic dysregulation, which are key drivers of mortality in older mice."
00069a15d6,NOD.B10Sn-H2<b>/J,f,752,511,241,650,102,"The mouse shows borderline low T4 and elevated BUN, suggesting mild metabolic and renal stress, but lacks severe inflammatory or hepatic markers. The low HDL and normal CRP indicate a relatively favorable inflammatory profile, balancing the aging signal from BUN. These findings align with a midlife trajectory where compensatory mechanisms still buffer against overt pathology."
00069a22a3,NOD.B10Sn-H2<b>/J,f,528,514,14,600,72,"The mouse exhibits a combination of elevated monocyte percentage (14.1%) and borderline high BUN (21.0 mg/dL), indicating chronic inflammation and potential renal stress, both associated with immunosenescence and organ reserve decline. Elevated total bilirubin (1.0 mg/dL) and borderline low albumin (3.4 g/dL) suggest subclinical hepatic dysfunction or chronic hemolysis, further reflecting age-related organ decline. While CRP remains low (0.14 mg/dL), the monocytosis and bilirubin elevation align with a systemic inflammatory profile typical of older mice. The metabolic panel shows mixed signals, with normal glucose (5.0 mmol/L) and insulin (1.08 uU/mL) contrasting with borderline low HDL (33.0 mg/dL), which may indicate dyslipidemia linked to atherosclerotic risk. The absence of overt liver enzyme elevation (normal ALT, ALP) suggests these changes are not acute. The most decisive finding is the convergence of monocytosis, bilirubin elevation, and BUN increase, which collectively signal accelerated biological aging and multi-systemic decline."
00069a2383,NOD.B10Sn-H2<b>/J,f,702,621,81,300,402,"The mouse shows elevated BUN (23.0 mg/dL) and borderline low T4 (3.1 ng/mL), suggesting potential renal stress and reduced thyroid activity. Markedly elevated sodium (157.0 mmol/L) and low CO2 (13.9 mmol/L) indicate metabolic alkalosis, possibly from volume contraction or chronic acid-base imbalance. While liver enzymes are largely normal, the combination of hypernatremia and hypoalbuminemia (4.0 g/dL) raises concerns about dehydration or chronic systemic stress. The absence of severe inflammatory or hepatic dysfunction markers suggests these changes are not acute. The most decisive finding is the elevated BUN in the context of normal creatinine (inferred from lack of severe renal markers), which may indicate early renal impairment or catabolic state. Given the age-related decline in physiological reserve and the presence of multiple borderline abnormalities, the prognosis aligns with a shortened lifespan trajectory."
00069a298e,NOD.B10Sn-H2<b>/J,f,486,567,81,580,94,"The mouse shows elevated monocyte percentage (14.1%) and borderline low albumin (3.4 g/dL), indicating chronic immune activation and potential hepatic dysfunction. These findings align with inflammaging and organ reserve decline typical of advanced age in mice. While CRP remains low, the combination of monocytosis and bilirubin elevation suggests persistent systemic stress. The metabolic profile (normal glucose, borderline low HDL) and absence of overt organ failure markers point to subclinical but significant physiological strain. Given the inflammatory profile and hepatic markers, I have sufficient evidence to make a prediction."
00069a0465,NOD.B10Sn-H2<b>/J,m,878,818,60,650,228,"The mouse shows mild hepatic stress with elevated bilirubin and borderline low albumin, suggesting subclinical organ reserve decline. The markedly high HDL contrasts with typical atherosclerotic risk patterns, potentially indicating compensatory lipid metabolism. The combination of low BUN and potassium hints at reduced protein intake or renal handling, though mild. Elevated total protein with normal albumin suggests increased globulin fraction, often seen in chronic immune activation. While most organ-specific biomarkers remain within reference ranges, the cumulative effect of these subtle deviations aligns with a mid-life physiological profile. The absence of overt organ failure markers or severe metabolic derangements supports a survival trajectory consistent with advanced middle age in this strain."
00069a0f3d,NOD.B10Sn-H2<b>/J,m,556,697,141,600,44,"The mouse shows elevated BUN and borderline low T4, indicating renal and thyroid decline typical of aging. Low HDL and elevated iron suggest metabolic dysregulation, while mild electrolyte imbalances (K, Mg) reflect early organ compromise. These findings align with a chronologically older mouse exhibiting accelerated aging patterns without acute organ failure."
00069a14b8,NOD.B10Sn-H2<b>/J,m,700,614,86,650,50,"The mouse shows elevated BUN indicating reduced renal function, low T4 suggesting metabolic slowing, and borderline low HDL with elevated ALP pointing to hepatic stress. These markers collectively reflect age-related organ decline without acute inflammatory signals, consistent with advanced chronological age in this strain."
00069a1947,NOD.B10Sn-H2<b>/J,m,960,614,346,650,310,"The mouse shows elevated BUN (24.5 mg/dL) indicating reduced renal clearance capacity, a hallmark of aging in mice. Low T4 (4.7 nmol/L) suggests diminished thyroid activity, which correlates with metabolic decline in older individuals. The combination of these markers, along with mild hepatic stress (ALT=34.5 U/L) and dyslipidemia (HDL=93.3 mg/dL), reflects a metabolic-renal axis pattern commonly observed in aged mice with chronic physiological decline. The absence of acute inflammatory markers or severe organ damage suggests these changes represent compensated, age-related processes rather than acute pathology."
00069a1ef4,NOD.B10Sn-H2<b>/J,m,780,688,92,600,180,"The mouse shows elevated BUN and low T4, indicating renal and thyroid dysfunction, alongside metabolic dysregulation with low HDL and high iron. These markers suggest chronic organ stress and accelerated aging, consistent with advanced biological age."
00069a2495,NOD.B10Sn-H2<b>/J,m,501,806,305,600,99,"The mouse shows elevated BUN indicating reduced renal function, borderline low T4 suggesting age-related hypothyroidism, and elevated iron consistent with chronic iron accumulation. These markers collectively point to advanced biological aging with organ-specific decline. The metabolic profile lacks acute inflammatory signals but demonstrates chronic systemic changes typical of older mice."
00069a2942,NOD.B10Sn-H2<b>/J,m,905,833,72,600,305,"The mouse shows borderline low T4 and elevated BUN, indicating potential thyroid decline and renal stress, both associated with aging. Mild ALP elevation and normal inflammatory markers suggest subclinical organ stress without acute pathology. The combination of these findings aligns with a midlife physiological profile, where cumulative metabolic and renal changes begin to manifest but do not yet reach critical thresholds."
00069a2ad4,NOD.B10Sn-H2<b>/J,m,696,651,45,600,96,"The mouse exhibits a metabolic profile with elevated BUN (24.5 mg/dL) and borderline low T4 (3.4 ng/mL), suggesting subclinical renal stress and reduced thyroid activity. Markedly elevated HDL (87.4 mg/dL) and low-normal bilirubin (0.4 mg/dL) indicate possible hepatic dysfunction or altered lipid metabolism. Hypernatremia (157.0 mmol/L) and hypokalemia (7.4 mmol/L) reflect systemic electrolyte dysregulation, potentially linked to chronic dehydration or renal impairment. While liver enzymes (ALT, ALP, lipase) are within reference ranges, the combination of BUN elevation and metabolic abnormalities aligns with age-related physiological decline. The absence of overt inflammation (normal CRP) and preserved albumin (4.0 g/dL) argue against acute disease, but the BUN elevation remains the most decisive marker of reduced physiological reserve in an older mouse."
00069a2ce6,NOD.B10Sn-H2<b>/J,m,759,806,47,650,109,"The mouse shows elevated BUN (24.5 mg/dL) indicating reduced renal clearance capacity, a hallmark of aging in mice. Low T4 (4.7 nmol/L) suggests diminished thyroid activity, which correlates with metabolic decline in older individuals. The combination of these markers, along with mild hepatic stress (ALT=34.5 U/L) and dyslipidemia (HDL=93.3 mg/dL), reflects a metabolic-renal axis pattern commonly observed in aged mice with chronic physiological decline. The absence of acute inflammatory markers or severe organ damage suggests these changes represent compensated, age-related processes rather than acute pathology."
00069a30c8,NOD.B10Sn-H2<b>/J,m,550,800,250,600,50,"The mouse demonstrates a paradoxical combination of aging signals: elevated BUN (26.0) and borderline low T4 (4.7) suggest renal and metabolic decline, yet the exceptionally high HDL (98.1) and minimal CRP (0.04) indicate strong anti-inflammatory and lipid protective mechanisms. The absence of hepatic dysfunction (normal ALT, ALP, bilirubin) and preserved albumin (3.9) further support organ resilience. While mild hypernatremia (156.0) and borderline low potassium (7.2) could reflect age-related shifts, they lack acute pathological context. The dominance of favorable metabolic and inflammatory markers over isolated renal signals points to a younger biological age despite chronological aging."
00068CFC16,P/J,f,645,489,156,600,45,"The mouse shows elevated BUN and ALP, indicating renal and hepatic stress, alongside low albumin and high total protein, suggesting chronic inflammation or organ dysfunction. Electrolyte imbalances (hypernatremia, hypochloremia) and metabolic dysregulation (low HDL, elevated iron) further support accelerated aging. These findings align with advanced biological age in mice."
00068cdE86,P/J,f,394,570,176,600,206,"The mouse shows elevated BUN and ALP, indicating renal and hepatic stress, alongside low albumin and high total protein, suggesting chronic inflammation or organ dysfunction. Electrolyte imbalances (hypernatremia, hypochloremia) and metabolic dysregulation (low HDL, elevated iron) further support accelerated aging. These findings align with advanced biological age and organ decline, consistent with a shortened lifespan."
00068CE9B5,PL/J,f,400,550,150,650,250,"The mouse shows moderate aging signals with elevated BUN indicating renal stress, borderline low T4 suggesting metabolic decline, and iron overload without acute inflammation. These findings align with midlife physiological changes in mice, where compensatory mechanisms remain partially intact but organ reserve is reduced."
00068AF4E4,PL/J,m,499,510,11,650,151,"The mouse exhibits elevated BUN and low-normal T4, indicating renal stress and metabolic decline typical of advanced aging. The absence of severe hepatic or inflammatory markers suggests preserved organ reserve despite these changes. The lipid profile and mild electrolyte shifts further support a biological age consistent with late-life physiological decline."
00068AFF98,PL/J,m,499,580,81,650,151,"The mouse exhibits elevated BUN and low-normal T4, indicating renal stress and metabolic decline typical of advanced aging. The absence of severe hepatic or inflammatory markers suggests preserved organ reserve despite these changes. The lipid profile and mild electrolyte shifts further support a biological age consistent with late-life physiological decline."
00069a1a24,PWD/PhJ,m,932,811,121,600,332,"The mouse exhibits elevated BUN and ALP, indicating renal and hepatic stress, alongside borderline low T4, suggesting metabolic decline. These findings align with age-related organ dysfunction and reduced physiological reserve, which are critical determinants of lifespan in aged mice."
00068B00D5,SJL/J,f,834,521,313,630,204,"The mouse shows borderline low T4 and elevated BUN, suggesting subclinical hypothyroidism and early renal changes, while markedly elevated iron indicates potential oxidative stress. These findings reflect moderate aging-related physiological decline without severe organ dysfunction, consistent with a midlife trajectory."
00068B05B5,SJL/J,f,499,403,96,680,181,"The mouse shows borderline low T4 and elevated BUN, suggesting mild metabolic and renal stress, alongside markedly elevated iron indicating potential oxidative burden. These findings align with midlife physiological decline without severe organ dysfunction."
00068B0882,SJL/J,f,351,462,111,650,299,"The mouse shows borderline low T4 and elevated BUN, suggesting mild metabolic and renal changes consistent with aging, but lacks severe inflammatory or hepatic markers. The combination of these findings points to a mid-life trajectory without critical organ failure."
00068B0A8F,SJL/J,f,549,422,127,650,101,"The mouse shows borderline low T4 and elevated BUN, suggesting mild metabolic and renal changes typical of aging, but lacks severe inflammatory or hepatic markers. The combination of these findings aligns with a mid-life trajectory without acute pathology."
00068B1385,SJL/J,f,378,452,74,600,222,"The mouse shows borderline low T4 and elevated BUN, indicating age-related thyroid decline and early renal changes. Sodium is borderline high, suggesting mild dehydration or renal stress. Iron elevation and normal inflammatory markers imply chronic low-grade inflammation without acute pathology. These findings align with moderate physiological aging without severe organ failure, supporting a mid-life span estimate."
00068B1769,SJL/J,f,330,464,134,650,320,"The mouse shows borderline low T4 and elevated BUN, suggesting mild endocrine and renal aging changes. Iron elevation indicates potential oxidative stress, while normal inflammatory and hepatic markers suggest preserved organ reserve. These findings align with a midlife physiological profile."
00068B2259,SJL/J,f,603,709,106,1000,397,"The mouse shows borderline low T4 and elevated BUN, suggesting mild metabolic and renal stress, but preserved liver function and albumin indicate limited systemic decline. Iron elevation raises concern for chronic inflammation, though no acute organ failure is evident. These findings align with a mid-to-late lifespan trajectory in a mouse model where such patterns typically emerge in the 12-18 month range."
00068D3DEE,SJL/J,f,540,403,137,680,140,"The mouse shows borderline low T4 and elevated BUN, suggesting mild metabolic and renal stress, alongside markedly elevated iron indicating potential oxidative burden. These findings align with midlife physiological decline without severe organ dysfunction."
00069a1251,SJL/J,m,708,642,66,600,108,"The mouse shows borderline elevated BUN (23.0 mg/dL) and mild metabolic shifts (low-normal T4, elevated ALP), suggesting early renal and metabolic aging. Sodium (157.0 mmol/L) and iron (210.0 µg/dL) elevations hint at mild systemic stress but lack acute pathology. Absence of severe organ dysfunction markers (normal albumin, bilirubin, and liver enzymes) supports a moderate aging trajectory without critical decline."
00069a2c93,SJL/J,m,669,642,27,650,19,"The mouse shows borderline elevated BUN (23.0 mg/dL) and mild metabolic shifts (low-normal T4, elevated ALP), suggesting early renal and metabolic aging. Sodium (157.0 mmol/L) and iron (210.0 µg/dL) elevations indicate mild systemic stress without acute pathology. Absence of severe organ dysfunction markers supports a moderate lifespan estimate."
00069a2cfc,SJL/J,m,590,642,52,600,10,"The mouse shows borderline elevated BUN (23.0 mg/dL) and mild metabolic shifts (low-normal T4, elevated ALP), suggesting early renal and metabolic aging. Sodium (157.0 mmol/L) and iron (210.0 µg/dL) elevations hint at mild systemic stress but lack acute pathology. Absence of severe organ dysfunction markers (normal albumin, bilirubin, and liver enzymes) supports a moderate aging trajectory without critical decline."
00068AFEFF,SM/J,m,847,667,180,650,197,"The mouse shows moderate renal and metabolic stress with borderline low T4 and elevated BUN, suggesting declining organ reserve without acute pathology. The combination of mild metabolic dysregulation and iron elevation indicates chronic physiological strain typical of midlife aging."
00068B052D,SM/J,m,523,715,192,1000,477,"The mouse shows moderate renal and metabolic stress with borderline low T4 and elevated BUN, suggesting age-related decline without acute pathology. Iron elevation and mild metabolic dysregulation further support a midlife trajectory."
00068B0774,SM/J,m,730,667,63,650,80,"The mouse shows moderate renal stress with elevated BUN, borderline low T4 suggesting metabolic decline, and elevated iron indicating possible chronic inflammation. These findings align with age-related physiological changes without severe organ failure, consistent with mid-life status."
00068B16A1,SM/J,m,868,700,168,650,218,"The mouse shows borderline low T4 and elevated BUN, suggesting mild metabolic and renal changes consistent with aging. Elevated iron and normal inflammatory markers indicate possible chronic low-grade stress without acute pathology. The absence of severe hepatic or cardiac dysfunction supports a moderate lifespan reduction from age-related decline rather than acute disease."
00068B18C8,SM/J,m,691,697,6,650,41,"The mouse shows moderate renal stress (elevated BUN) and early metabolic dysregulation (low HDL, borderline low CO2) without severe organ failure or acute inflammation. Preserved albumin and normal liver enzymes suggest maintained hepatic function, while the absence of overt catabolic signals indicates incomplete decompensation. These findings align with a midlife aging trajectory where compensatory mechanisms still buffer organ function despite accumulating damage."
00068B1F40,SM/J,m,523,700,177,680,157,"The mouse shows moderate renal stress with elevated BUN, borderline low T4 suggesting metabolic decline, and elevated iron indicating possible chronic inflammation. These findings align with age-related physiological changes without severe organ failure, consistent with a mid-life trajectory."
00068B2105,SM/J,m,800,715,85,650,150,"The mouse shows elevated BUN and borderline low T4, indicating reduced renal and metabolic reserve, but preserved hepatic function and high HDL suggest limited systemic damage. These findings align with mid-life physiological decline without overt organ failure."
00068AF141,SWR/J,m,350,527,177,650,300,"The mouse shows borderline low T4 and elevated BUN, indicating potential thyroid and renal aging changes, but lacks severe inflammatory or hepatic markers. The lipid profile and electrolyte balance suggest preserved metabolic reserve despite mild organ stress."
00068AFEB7,SWR/J,m,1098,541,557,600,498,"The mouse exhibits elevated BUN and creatinine indicating renal insufficiency, a key driver of mortality in aging models. Concurrent iron overload and low albumin suggest chronic inflammation and metabolic dysregulation, which accelerate organ decline. Hypernatremia and hypochloremia reflect electrolyte imbalance, potentially from dehydration or renal dysfunction. While HDL is elevated, the combination of renal, hepatic, and inflammatory markers points to multi-system aging stress. These findings align with a biological age significantly beyond chronological expectations for this strain."
00068B17B7,SWR/J,m,350,433,83,1000,650,"The mouse shows elevated total bilirubin (1.9 mg/dL) and borderline low T4 (3.1 ng/mL), indicating hepatic and metabolic decline typical of advanced age. Low albumin (3.8 g/dL) and elevated total protein (6.7 g/dL) suggest impaired liver function and chronic inflammation, further supporting biological aging. While BUN (22.0 mg/dL) is borderline high, this likely reflects age-related renal decline rather than acute pathology. The absence of severe inflammatory markers or acute organ damage points to a chronic, non-acute process. The most decisive finding is the bilirubin elevation, which in older mice often correlates with cumulative oxidative stress and liver senescence, aligning with a lifespan trajectory where organ reserve depletion and metabolic dysregulation dominate."
00068B186F,SWR/J,m,411,400,11,680,269,"The mouse shows borderline low T4 and elevated BUN, indicating age-related thyroid decline and early renal stress. Elevated iron and borderline low HDL suggest metabolic dysregulation, but preserved albumin and absence of severe inflammation point to moderate physiological aging. The BUN elevation is the most decisive marker, reflecting reduced renal reserve typical of advanced age in mice."
00069a0841,SWR/J,m,800,536,264,680,120,"The mouse shows borderline low T4 and elevated BUN, indicating potential age-related thyroid decline and early renal stress. Mild ALP elevation suggests possible subclinical hepatic or bone turnover activity. Absence of severe inflammatory or metabolic derangements supports a midlife trajectory without acute pathology."
00069a2fff,SWR/J,m,752,674,78,650,102,"The mouse shows borderline low T4 and elevated BUN, suggesting mild endocrine and renal stress, but normal inflammatory markers and preserved albumin indicate limited systemic compromise. These findings align with a midlife physiological profile without overt organ failure."
00069a114c,WSB/EiJ,f,1126,1102,24,600,526,"The mouse exhibits a metabolic-inflammatory profile with borderline elevated triglycerides and monocyte percentage, suggesting subclinical atherosclerosis and chronic immune activation. While hepatic and renal biomarkers remain largely preserved, the combination of dyslipidemia and low-grade inflammation aligns with accelerated biological aging. The absence of severe organ dysfunction markers indicates these changes are not yet life-threatening but contribute to a shortened lifespan trajectory."
00069a21c1,WSB/EiJ,f,1131,1096,35,650,481,"The mouse shows a mixed biomarker profile with elevated BUN and ALP suggesting early renal or hepatic stress, but normal inflammatory markers and preserved albumin indicate limited systemic decline. Electrolyte imbalances (hypernatremia, hypomagnesemia) point to metabolic strain without overt organ failure. The combination of mild liver enzyme elevation and low-normal T4 suggests subclinical metabolic aging, while the absence of severe inflammatory or cachectic signals supports a mid-life trajectory. The most decisive clinical finding is the interplay of renal and hepatic markers without overt organ failure, aligning with a lifespan consistent with mid-life aging patterns."
00069a0315,WSB/EiJ,m,1125,905,220,500,625,"The mouse exhibits a metabolic-inflammatory profile with elevated triglycerides, GGT, and borderline low BUN, indicating hepatic stress and systemic inflammation. These markers align with accelerated aging phenotypes, including metabolic syndrome and subclinical liver dysfunction, which synergistically increase mortality risk in aged mice."
00069a107a,WSB/EiJ,m,1089,1164,75,600,489,"The metabolic-inflammatory profile with elevated triglycerides, borderline hyperglycemia, and GGT elevation indicates accelerated metabolic aging and hepatic stress, which are strongly associated with increased mortality risk in middle-aged mice."
00069a1222,WSB/EiJ,m,1209,1161,48,680,529,"The mouse shows mild metabolic alkalosis with elevated sodium and borderline low CO2, alongside low HDL and elevated iron, suggesting age-related metabolic shifts without acute organ failure. The absence of significant inflammation or renal impairment supports a mid-to-late lifespan trajectory."
00069a293d,WSB/EiJ,m,1284,1152,132,100,1184,"The mouse exhibits a metabolic-inflammatory profile with elevated ALT, ALP, and triglycerides, indicating hepatic stress and insulin resistance. Hyperglycemia (18.2 mmol/L) and low HDL (121.0 mg/dL) further support metabolic syndrome, while elevated BUN (19.0 mg/dL) and low albumin (3.4 g/dL) suggest renal and hepatic dysfunction. These findings collectively signal accelerated aging and organ failure, with the metabolic-inflammatory axis being the most decisive clinical finding."
